2011 Summary Star View: Medicare Part C Report Card Master Table,,,,,,
Contract Number,Organization Type,Parent Organization,Organization Marketing Name,Low Performance Icon,Summary Rating,Overall Rating
H0084,Local CCP,XLHealth Corporation,Care Improvement Plus,No,Not enough data to calculate summary rating,Not enough data to calculate overall rating
H0104,Local CCP,BlueCross BlueShield of Alabama,Blue Cross and Blue Shield of Alabama,No,2.5 out of 5 stars,3 out of 5 stars
H0108,Local CCP,Humana Inc.,"Humana Health Plan of California, Inc.",No,Plan too new to be measured,Plan too new to be measured
H0117,Local CCP,"WellCare Health Plans, Inc.",WellCare,No,2.5 out of 5 stars,3 out of 5 stars
H0141,Local CCP,CareSource,CareSource,No,Not enough data to calculate summary rating,Not enough data to calculate overall rating
H0150,Local CCP,"HealthSpring, Inc.","Healthspring of Alabama, Inc.",No,3 out of 5 stars,3 out of 5 stars
H0151,Local CCP,"UnitedHealth Group, Inc.",SecureHorizons by UnitedHealthcare,No,3 out of 5 stars,3 out of 5 stars
H0154,Local CCP,UAB Health System,VIVA Medicare Plus,No,3.5 out of 5 stars,3.5 out of 5 stars
H0248,Local CCP,Humana Inc.,Humana Insurance Company,No,3 out of 5 stars,3.5 out of 5 stars
H0251,Local CCP,"UnitedHealth Group, Inc.",AmeriChoice Secure Plus Complete,No,3 out of 5 stars,3 out of 5 stars
H0302,Local CCP,Banner Health,Banner MediSun,No,4 out of 5 stars,3.5 out of 5 stars
H0303,Local CCP,"UnitedHealth Group, Inc.",SecureHorizons by UnitedHealthcare,No,3 out of 5 stars,3 out of 5 stars
H0307,Local CCP,Humana Inc.,"Humana Health Plan, Inc.",No,3 out of 5 stars,3 out of 5 stars
H0316,Local CCP,"UnitedHealth Group, Inc.",SecureHorizons by UnitedHealthcare,No,3 out of 5 stars,3 out of 5 stars
H0317,Local CCP,Humana Inc.,Humana Insurance Company,No,3 out of 5 stars,3 out of 5 stars
H0318,Local CCP,Aetna Inc.,Aetna Medicare,No,3 out of 5 stars,3 out of 5 stars
H0319,Local CCP,"UnitedHealth Group, Inc.",Evercare« by UnitedHealthcare,No,3 out of 5 stars,3 out of 5 stars
H0320,Local CCP,Arcadian Management Services Inc.,Desert Canyon Community Care,Yes,2.5 out of 5 stars,2.5 out of 5 stars
H0321,Local CCP,"UnitedHealth Group, Inc.",APIPA Personal Care Plus,No,3 out of 5 stars,3 out of 5 stars
H0332,Local CCP,"KS Plan Administrators, LLC",KelseyCare Advantage,No,5 stars,4.5 out of 5 stars
H0351,Local CCP,"Health Net, Inc.","Health Net of Arizona, Inc.",No,3 out of 5 stars,3 out of 5 stars
H0354,Local CCP,CIGNA,CIGNA HealthCare of Arizona,No,4.5 out of 5 stars,4 out of 5 stars
H0370,Local CCP,Coventry Health Care Inc.,Coventry Health Care,No,Not enough data to calculate summary rating,Not enough data to calculate overall rating
H0401,Local CCP,"UnitedHealth Group, Inc.",SecureHorizons by UnitedHealthcare,No,Not enough data to calculate summary rating,Not enough data to calculate overall rating
H0408,Local CCP,"UnitedHealth Group, Inc.",Evercare« by UnitedHealthcare,No,Not enough data to calculate summary rating,Not enough data to calculate overall rating
H0423,Local CCP,"MetroPlus Health Plan, Inc.",MetroPlus Health Plan,No,3 out of 5 stars,3 out of 5 stars
H0474,Local CCP,Essence Group Holdings Corporation,Essence Healthcare,No,Plan too new to be measured,Plan too new to be measured
H0490,Local CCP,"Molina Healthcare, Inc.,",Molina Healthcare of Ohio,No,Not enough data to calculate summary rating,Not enough data to calculate overall rating
H0502,1876 Cost,Contra Costa Health Services,Contra Costa Health Plan,No,Not enough data to calculate summary rating,Not Applicable
H0504,Local CCP,California Physicians' Service,Blue Shield of California,No,3.5 out of 5 stars,3 out of 5 stars
H0523,Local CCP,Aetna Inc.,Aetna Medicare,No,3 out of 5 stars,3 out of 5 stars
H0524,Local CCP,"Kaiser Foundation Health Plan, Inc.",Kaiser Permanente Senior Advantage,No,4.5 out of 5 stars,4.5 out of 5 stars
H0540,PFFS,"Wellpoint, Inc.",Unicare Life & Health Ins. Company,No,3 out of 5 stars,3 out of 5 stars
H0543,Local CCP,"UnitedHealth Group, Inc.",SecureHorizons by UnitedHealthcare,No,3.5 out of 5 stars,3.5 out of 5 stars
H0544,Local CCP,CareMore Medical Enterprises,CareMore Health Plan,No,3.5 out of 5 stars,3.5 out of 5 stars
H0545,Local CCP,InterValley Health Plan,Inter Valley Health Plan,No,3.5 out of 5 stars,4 out of 5 stars
H0562,Local CCP,"Health Net, Inc.",Health Net of California,No,3.5 out of 5 stars,3.5 out of 5 stars
H0564,Local CCP,"Wellpoint, Inc.",Anthem Blue Cross,Yes,2.5 out of 5 stars,2.5 out of 5 stars
H0571,Local CCP,Chinese Hospital Association,Chinese Community Health Plan,No,3 out of 5 stars,3 out of 5 stars
H0602,1876 Cost,"Rocky Mountain Health Maintenance , Inc.",Rocky Mountain Health Plans,No,4 out of 5 stars,Not enough data to calculate overall rating
H0609,Local CCP,"UnitedHealth Group, Inc.",SecureHorizons by UnitedHealthcare,No,3.5 out of 5 stars,4 out of 5 stars
H0620,Local CCP,"UnitedHealth Group, Inc.",Evercare« by UnitedHealthcare,No,3 out of 5 stars,3 out of 5 stars
H0621,Local CCP,Colorado Access,Colorado Access,No,2.5 out of 5 stars,3 out of 5 stars
H0623,Local CCP,Humana Inc.,Humana Insurance Company,No,3 out of 5 stars,3.5 out of 5 stars
H0624,Local CCP,"UnitedHealth Group, Inc.",Evercare« by UnitedHealthcare,No,3 out of 5 stars,3 out of 5 stars
H0630,Local CCP,"Kaiser Foundation Health Plan, Inc.",Kaiser Permanente Senior Advantage,No,4.5 out of 5 stars,5 stars
H0657,1876 Cost,Colorado Choice Health Plans,Colorado Choice Health Plans,No,Not enough data to calculate summary rating,Not Applicable
H0710,Local CCP,"UnitedHealth Group, Inc.",Evercare« by UnitedHealthcare,No,3 out of 5 stars,3.5 out of 5 stars
H0712,Local CCP,"WellCare Health Plans, Inc.",WellCare,No,3 out of 5 stars,3 out of 5 stars
H0752,Local CCP,"UnitedHealth Group, Inc.",SecureHorizons by UnitedHealthcare,No,3.5 out of 5 stars,3.5 out of 5 stars
H0755,Local CCP,"Health Net, Inc.",UnitedHealthcare,No,3.5 out of 5 stars,3.5 out of 5 stars
H0838,Local CCP,"Universal Care, Inc",Brand New Day,No,3 out of 5 stars,3 out of 5 stars
H0901,Local CCP,Aetna Inc.,Aetna Medicare,No,Not enough data to calculate summary rating,Not enough data to calculate overall rating
H0908,Local CCP,Centene Corporation,Advantage by Buckeye Community Health Plan,No,Not enough data to calculate summary rating,Not enough data to calculate overall rating
H0913,Local CCP,"WellCare Health Plans, Inc.",WellCare,No,2.5 out of 5 stars,3 out of 5 stars
H0979,PFFS,Dr. Kiran C. Patel,"AMERICA'S 1ST CHOICE INSURANCE COMPANY OF NC, INC.",No,3.5 out of 5 stars,3.5 out of 5 stars
H1013,Local CCP,Coventry Health Care Inc.,Coventry Health Plan of Florida,No,3 out of 5 stars,3.5 out of 5 stars
H1016,Local CCP,"AvMed, Inc.",AvMed Medicare,No,4 out of 5 stars,3.5 out of 5 stars
H1019,Local CCP,Humana Inc.,"CarePlus Health Plans, Inc.",No,3.5 out of 5 stars,3.5 out of 5 stars
H1026,Local CCP,Blue Cross and Blue Shield of Florida,"Health Options, Inc / Blue Cross Blue Shield of FL",No,3 out of 5 stars,3 out of 5 stars
H1032,Local CCP,"WellCare Health Plans, Inc.",WellCare,No,3 out of 5 stars,3 out of 5 stars
H1035,Local CCP,Blue Cross and Blue Shield of Florida,"Florida Health Care Plan, Inc.",No,4 out of 5 stars,4 out of 5 stars
H1036,Local CCP,Humana Inc.,"Humana Medical Plan, Inc.",No,3.5 out of 5 stars,3.5 out of 5 stars
H1045,Local CCP,Preferred Care Partners Holding Corp,"Preferred Care Partners, Inc.",No,3.5 out of 5 stars,3 out of 5 stars
H1076,Local CCP,Coventry Health Care Inc.,Coventry Health Care of Florida,No,3 out of 5 stars,3 out of 5 stars
H1080,Local CCP,"UnitedHealth Group, Inc.",SecureHorizons by UnitedHealthcare,No,3 out of 5 stars,3 out of 5 stars
H1099,Local CCP,Health First,Health First Medicare Plans,No,4.5 out of 5 stars,4.5 out of 5 stars
H1108,Local CCP,"UnitedHealth Group, Inc.",Evercare« by UnitedHealthcare,No,3 out of 5 stars,3 out of 5 stars
H1109,Local CCP,Aetna Inc.,Aetna Medicare,No,3 out of 5 stars,3 out of 5 stars
H1110,Local CCP,Aetna Inc.,Aetna Medicare,No,Not enough data to calculate summary rating,Not enough data to calculate overall rating
H1111,Local CCP,"UnitedHealth Group, Inc.",SecureHorizons by UnitedHealthcare,No,3 out of 5 stars,3 out of 5 stars
H1112,Local CCP,"WellCare Health Plans, Inc.",WellCare,Yes,2.5 out of 5 stars,3 out of 5 stars
H1170,Local CCP,"Kaiser Foundation Health Plan, Inc.",Kaiser Permanente Senior Advantage,No,3.5 out of 5 stars,4 out of 5 stars
H1200,1876 Cost,"Kaiser Foundation Health Plan, Inc.",Kaiser Permanente Medicare Cost,No,Not enough data to calculate summary rating,Not Applicable
H1216,Local CCP,"WellCare Health Plans, Inc.",WellCare,No,2 out of 5 stars,2.5 out of 5 stars
H1230,Local CCP,"Kaiser Foundation Health Plan, Inc.",Kaiser Permanente Senior Advantage,No,4.5 out of 5 stars,4.5 out of 5 stars
H1251,1876 Cost,Hawaii Medical Service Association,HMSA's 65C Plus,No,4 out of 5 stars,Not enough data to calculate overall rating
H1264,Local CCP,"WellCare Health Plans, Inc.",WellCare,No,2.5 out of 5 stars,3 out of 5 stars
H1286,Local CCP,"UnitedHealth Group, Inc.",SecureHorizons by UnitedHealthcare,No,3 out of 5 stars,3 out of 5 stars
H1291,PFFS,,Humana Insurance Company of New York,No,Plan too new to be measured,Plan too new to be measured
H1302,Local CCP,"Blue Cross of Idaho Health Services, Inc.",Blue Cross of Idaho,No,Not enough data to calculate summary rating,Not enough data to calculate overall rating
H1303,Local CCP,"UnitedHealth Group, Inc.",SecureHorizons by UnitedHealthcare,No,3 out of 5 stars,3 out of 5 stars
H1304,Local CCP,The Regence Group,Regence BlueShield Of Idaho,No,3.5 out of 5 stars,3.5 out of 5 stars
H1350,Local CCP,"Blue Cross of Idaho Health Services, Inc.",Blue Cross of Idaho,No,3.5 out of 5 stars,3.5 out of 5 stars
H1355,Local CCP,"Bravo Health, Inc.",Bravo Health,No,Not enough data to calculate summary rating,Not enough data to calculate overall rating
H1365,Local CCP,"Martin's Point Health Care, Inc.",Martin's Point Generations Advantage,No,Plan too new to be measured,Plan too new to be measured
H1406,Local CCP,Humana Inc.,"Humana Health Plan, Inc.",No,3 out of 5 stars,3 out of 5 stars
H1415,Local CCP,"HealthSpring, Inc.","HealthSpring, Inc.",Yes,2.5 out of 5 stars,3 out of 5 stars
H1416,Local CCP,"WellCare Health Plans, Inc.",WellCare,Yes,2.5 out of 5 stars,3 out of 5 stars
H1417,Local CCP,Health Alliance Medical Plans,Health Alliance Medical Plans,No,4.5 out of 5 stars,4.5 out of 5 stars
H1418,Local CCP,Humana Inc.,Humana Insurance Company,No,3 out of 5 stars,3 out of 5 stars
H1419,Local CCP,Aetna Inc.,Aetna Medicare,No,2 out of 5 stars,2.5 out of 5 stars
H1463,Local CCP,Health Alliance Medical Plans,Health Alliance Medical Plans,No,4.5 out of 5 stars,4.5 out of 5 stars
H1468,Local CCP,Humana Inc.,"Humana Benefit Plan of Illinois, Inc.",No,3.5 out of 5 stars,3 out of 5 stars
H1509,Local CCP,"UnitedHealth Group, Inc.",SecureHorizons by UnitedHealthcare,No,3 out of 5 stars,3 out of 5 stars
H1510,Local CCP,Humana Inc.,Humana Insurance Company,No,3.5 out of 5 stars,3.5 out of 5 stars
H1517,Local CCP,"Wellpoint, Inc.",Anthem Blue Cross and Blue Shield,No,Not enough data to calculate summary rating,Not enough data to calculate overall rating
H1553,1876 Cost,"Clarian Health Partners, Inc.","Clarian Health Plans, Inc. - Senior Smart Choice",No,4 out of 5 stars,Not Applicable
H1558,1876 Cost,"Neighborhood Health Providers, Inc.",Welborn Health Plans,No,4 out of 5 stars,Not Applicable
H1595,Local CCP,HealthPlus of Michigan,HealthPlus,No,Plan too new to be measured,Plan too new to be measured
H1607,Local CCP,"Wellpoint, Inc.",Anthem Blue Cross and Blue Shield,No,3.5 out of 5 stars,3 out of 5 stars
H1608,Local CCP,Coventry Health Care Inc.,Coventry Health Care,No,4 out of 5 stars,4 out of 5 stars
H1609,Local CCP,Coventry Health Care Inc.,Coventry Health Care,No,3.5 out of 5 stars,3.5 out of 5 stars
H1651,1876 Cost,Medical Associates Clinic,"Medical Associates Health Plan, Inc.",No,4.5 out of 5 stars,Not Applicable
H1657,Local CCP,"WellCare Health Plans, Inc.",WellCare,No,2.5 out of 5 stars,2.5 out of 5 stars
H1659,Local CCP,Piedmont Community Health Plan,Piedmont Medicare Advantage,No,Plan too new to be measured,Plan too new to be measured
H1681,Local CCP,Humana Inc.,Humana Insurance Company,No,2.5 out of 5 stars,2.5 out of 5 stars
H1689,PFFS,"Wellpoint, Inc.","Anthem Insurance Companies, Inc.",No,3.5 out of 5 stars,3 out of 5 stars
H1716,Local CCP,Humana Inc.,Humana Insurance Company,No,3.5 out of 5 stars,3.5 out of 5 stars
H1717,Local CCP,"UnitedHealth Group, Inc.",SecureHorizons by UnitedHealthcare,No,2.5 out of 5 stars,2.5 out of 5 stars
H1777,Local CCP,"Catholic Health Care System, Inc.","ArchCare Advantage,HMO",No,Not enough data to calculate summary rating,Not enough data to calculate overall rating
H1804,PFFS,Humana Inc.,Humana Insurance Company,No,3 out of 5 stars,3 out of 5 stars
H1806,Local CCP,Humana Inc.,Humana Insurance Company,No,3 out of 5 stars,3 out of 5 stars
H1807,Local CCP,"University Health Care, Inc.",Passport Advantage,Yes,2.5 out of 5 stars,2.5 out of 5 stars
H1837,Local CCP,Essence Group Holdings Corporation,Essence Healthcare,No,4.5 out of 5 stars,4.5 out of 5 stars
H1846,Local CCP,Trinity Health,MediGold,No,Not enough data to calculate summary rating,Not enough data to calculate overall rating
H1849,Local CCP,"Wellpoint, Inc.",Anthem Blue Cross and Blue Shield,No,3.5 out of 5 stars,3 out of 5 stars
H1903,Local CCP,"WellCare Health Plans, Inc.",WellCare,Yes,2.5 out of 5 stars,3 out of 5 stars
H1906,PFFS,Humana Inc.,"Humana Health Benefit Plan of LA, Inc.",No,4 out of 5 stars,3.5 out of 5 stars
H1944,Local CCP,"UnitedHealth Group, Inc.",SecureHorizons by UnitedHealthcare,No,Not enough data to calculate summary rating,Not enough data to calculate overall rating
H1951,Local CCP,Humana Inc.,Humana Health Benefit Plan of Louisiana Inc,No,3.5 out of 5 stars,3.5 out of 5 stars
H1961,Local CCP,"New Orleans Reg Physician Hosp Organization, Inc.",Peoples Health,No,3.5 out of 5 stars,3.5 out of 5 stars
H2001,Local CCP,"UnitedHealth Group, Inc.",SecureHorizons by UnitedHealthcare,No,4 out of 5 stars,4 out of 5 stars
H2012,Local CCP,Humana Inc.,"Humana Health Plan, Inc",No,Plan too new to be measured,Plan too new to be measured
H2029,Local CCP,Humana Inc.,"Humana Insurance of Puerto Rico, Inc.",No,3 out of 5 stars,3 out of 5 stars
H2034,Local CCP,"Community Care, Inc.",Community Care,No,Not enough data to calculate summary rating,Not enough data to calculate overall rating
H2108,Local CCP,"Bravo Health, Inc.",Bravo Health,Yes,2.5 out of 5 stars,3 out of 5 stars
H2111,Local CCP,"UnitedHealth Group, Inc.",Evercare« by UnitedHealthcare,No,2.5 out of 5 stars,2.5 out of 5 stars
H2112,Local CCP,Aetna Inc.,Aetna Medicare,No,3 out of 5 stars,3 out of 5 stars
H2150,1876 Cost,"Kaiser Foundation Health Plan, Inc.",Kaiser Permanente Medicare Plus,No,4.5 out of 5 stars,Not enough data to calculate overall rating
H2161,Local CCP,,Upper Peninsula Health Plan Plus (HMO SNP),No,Plan too new to be measured,Plan too new to be measured
H2165,Local CCP,"HealthSpring, Inc.",HealthSpring Life & Health,No,Plan too new to be measured,Plan too new to be measured
H2169,Local CCP,University of Pittsburgh Medical Center,UPMC Health Plan,No,Not enough data to calculate summary rating,Not enough data to calculate overall rating
H2174,Local CCP,Trillium Community Health Plan,Trillium Advantage,No,3.5 out of 5 stars,3.5 out of 5 stars
H2182,Local CCP,"UnitedHealth Group, Inc.",SecureHorizons by UnitedHealthcare,No,3 out of 5 stars,3 out of 5 stars
H2224,Local CCP,"Senior Whole Health, LLC",Senior Whole Health,No,3.5 out of 5 stars,3.5 out of 5 stars
H2225,Local CCP,Commonwealth Care Alliance,"Commonwealth Care Alliance, Inc.",No,4 out of 5 stars,4 out of 5 stars
H2226,Local CCP,"UnitedHealth Group, Inc.",Evercare« by UnitedHealthcare,No,4 out of 5 stars,4 out of 5 stars
H2228,Local CCP,"UnitedHealth Group, Inc.",Evercare« by UnitedHealthcare,No,3 out of 5 stars,3 out of 5 stars
H2230,Local CCP,"Blue Cross and Blue Shield of Massachusetts, Inc.",Blue Cross Blue Shield of Massachusetts,No,4 out of 5 stars,4.5 out of 5 stars
H2237,Local CCP,Independent Care Health Plan Inc.,iCare,No,3 out of 5 stars,3 out of 5 stars
H2241,Local CCP,Golden State Medicare Health Plan,"Golden State Medicare Health Plan, Golden (HMO)",No,Plan too new to be measured,Plan too new to be measured
H2256,Local CCP,"TAHMO, Inc.",Tufts Health Plan,No,4.5 out of 5 stars,4.5 out of 5 stars
H2261,Local CCP,"Blue Cross and Blue Shield of Massachusetts, Inc.",Blue Cross and Blue Shield of Massachusetts,No,4.5 out of 5 stars,4.5 out of 5 stars
H2312,Local CCP,Health Alliance Plan (HAP),HAP Senior Plus,No,4.5 out of 5 stars,4.5 out of 5 stars
H2320,Local CCP,Spectrum Health System,Priority Health Medicare,No,4 out of 5 stars,4 out of 5 stars
H2322,Local CCP,Health Alliance Plan (HAP),Alliance Medicare PPO,No,4 out of 5 stars,3.5 out of 5 stars
H2323,Local CCP,Fidelis SecureCare,Fidelis SecureCare Of Michigan,No,Not enough data to calculate summary rating,Not enough data to calculate overall rating
H2354,Local CCP,HealthPlus of Michigan,HealthPlus of Michigan,No,4 out of 5 stars,3.5 out of 5 stars
H2406,Local CCP,"UnitedHealth Group, Inc.",Evercare« by UnitedHealthcare,No,3 out of 5 stars,3 out of 5 stars
H2410,PFFS,Medica Health Plans,Medica Health Plans,No,3.5 out of 5 stars,3.5 out of 5 stars
H2411,Local CCP,Fallon Community Health Plan,Fallon Community Health Plan,No,Not enough data to calculate summary rating,Not enough data to calculate overall rating
H2416,Local CCP,PrimeWest Health System,PrimeWest Health,No,4 out of 5 stars,4 out of 5 stars
H2417,Local CCP,Itasca County Health & Human Services,Itasca Medical Care/IMCare Classic,No,Not enough data to calculate summary rating,Not enough data to calculate overall rating
H2419,Local CCP,South Country Health Alliance,South Country Health Alliance,No,4 out of 5 stars,4 out of 5 stars
H2422,Local CCP,"HealthPartners, Inc.",HealthPartners Classic MN Senior Health Options,No,4.5 out of 5 stars,4.5 out of 5 stars
H2425,Local CCP,Blue Cross and Blue Shield of Minnesota,Blue Plus,No,4 out of 5 stars,4 out of 5 stars
H2450,1876 Cost,Medica Health Plans,Medica Insurance Company,No,4 out of 5 stars,Not enough data to calculate overall rating
H2456,Local CCP,UCare Minnesota,UCare,No,3.5 out of 5 stars,3.5 out of 5 stars
H2457,Local CCP,Metropolitan Health Plan,Metropolitan Health Plan MSHO,No,Not enough data to calculate summary rating,Not enough data to calculate overall rating
H2458,Local CCP,Medica Health Plans,Medica Health Plans,No,4 out of 5 stars,4 out of 5 stars
H2459,Local CCP,UCare Minnesota,UCare,No,4 out of 5 stars,4.5 out of 5 stars
H2461,1876 Cost,Blue Cross and Blue Shield of Minnesota,Blue Cross Blue Shield of Minnesota,No,Not enough data to calculate summary rating,Not Applicable
H2462,1876 Cost,"HealthPartners, Inc.",HealthPartners Freedom Plan,No,4.5 out of 5 stars,Not enough data to calculate overall rating
H2486,Local CCP,Humana Inc.,Humana Medical Plan of Utah,No,Not enough data to calculate summary rating,Not enough data to calculate overall rating
H2491,Local CCP,"WellCare Health Plans, Inc.",WellCare,No,Not enough data to calculate summary rating,Not enough data to calculate overall rating
H2542,Local CCP,Humana Inc.,Humana Insurance Company,No,3.5 out of 5 stars,3.5 out of 5 stars
H2593,Local CCP,CareMore Medical Enterprises,"CareMore Health Plan of Arizona, Inc.",No,Plan too new to be measured,Plan too new to be measured
H2610,Local CCP,Essence Group Holdings Corporation,Essence Healthcare,No,4 out of 5 stars,4 out of 5 stars
H2611,Local CCP,Sisters of Mercy Health System-St. Louis.,Mercy Health Plans,No,4.5 out of 5 stars,4.5 out of 5 stars
H2613,PFFS,"Wellpoint, Inc.",Anthem Blue Cross and Blue Shield,No,3 out of 5 stars,3 out of 5 stars
H2643,Local CCP,L.A. Care Health Plan,L.A. Care Health Plan Medicare Advantage,No,Not enough data to calculate summary rating,Not enough data to calculate overall rating
H2649,Local CCP,Humana Inc.,"Humana Health Plan, Inc.",No,3.5 out of 5 stars,3.5 out of 5 stars
H2654,Local CCP,"UnitedHealth Group, Inc.",SecureHorizons by UnitedHealthcare,No,3 out of 5 stars,3 out of 5 stars
H2663,Local CCP,Coventry Health Care Inc.,"Group Health Plan, Inc.",No,4 out of 5 stars,4 out of 5 stars
H2667,Local CCP,Sisters of Mercy Health System-St. Louis.,"Mercy Health Plans of Missouri, Inc.",No,4 out of 5 stars,4 out of 5 stars
H2672,Local CCP,Coventry Health Care Inc.,COVENTRY HEALTH CARE,No,3.5 out of 5 stars,3.5 out of 5 stars
H2701,Local CCP,New West Health Services,New West Health Services,No,3.5 out of 5 stars,3.5 out of 5 stars
H2773,Local CCP,"QHP Group, Inc.",QUALITY HEALTH PLANS,No,Plan too new to be measured,Plan too new to be measured
H2775,Local CCP,Universal American Corp.,Universal American,No,Not enough data to calculate summary rating,Not enough data to calculate overall rating
H2802,Local CCP,"UnitedHealth Group, Inc.",SecureHorizons by UnitedHealthcare,No,3.5 out of 5 stars,3.5 out of 5 stars
H2803,Local CCP,"UnitedHealth Group, Inc.",SecureHorizons by UnitedHealthcare,No,3 out of 5 stars,3 out of 5 stars
H2810,Local CCP,Group Health Cooperative,"Group Health Options, Inc.",No,Plan too new to be measured,Plan too new to be measured
H2816,PFFS,,Universal American,No,Plan too new to be measured,Plan too new to be measured
H2899,Local CCP,Arcadian Management Services Inc.,Southeast Community Care,No,2.5 out of 5 stars,2.5 out of 5 stars
H2905,Local CCP,"UnitedHealth Group, Inc.","Sierra Health and Life Insurance Company, Inc.",No,Not enough data to calculate summary rating,Not enough data to calculate overall rating
H2906,Local CCP,Renown Health,Senior Care Plus,No,Not enough data to calculate summary rating,Not enough data to calculate overall rating
H2926,Local CCP,PrimeWest Health System,PrimeWest Health,No,Not enough data to calculate summary rating,Not enough data to calculate overall rating
H2931,Local CCP,"UnitedHealth Group, Inc.","Health Plan of Nevada, Inc.",Yes,2.5 out of 5 stars,2.5 out of 5 stars
H2944,PFFS,Humana Inc.,Humana Insurance Company,No,Plan too new to be measured,Plan too new to be measured
H2949,Local CCP,Humana Inc.,"Humana Health Plan, Inc.",No,3 out of 5 stars,3 out of 5 stars
H2960,Local CCP,Renown Health,Senior Care Plus,No,3.5 out of 5 stars,3.5 out of 5 stars
H2997,Local CCP,"Wellpoint, Inc.",Anthem Blue Cross and Blue Shield,No,Not enough data to calculate summary rating,Not enough data to calculate overall rating
H3028,Local CCP,Humana Inc.,"Humana Health Plan, Inc.",No,Not enough data to calculate summary rating,Not enough data to calculate overall rating
H3044,Local CCP,"Neighborhood Health Providers, Inc.",Welborn Health Plans,No,4.5 out of 5 stars,4 out of 5 stars
H3107,Local CCP,"UnitedHealth Group, Inc.",SecureHorizons by UnitedHealthcare,No,3 out of 5 stars,3 out of 5 stars
H3113,Local CCP,"UnitedHealth Group, Inc.",Evercare« by UnitedHealthcare,No,Not enough data to calculate summary rating,Not enough data to calculate overall rating
H3132,Local CCP,AIDS Healthcare Foundation,Positive Healthcare Partners,No,Not enough data to calculate summary rating,Not enough data to calculate overall rating
H3152,Local CCP,Aetna Inc.,Aetna Medicare,No,3.5 out of 5 stars,3 out of 5 stars
H3154,Local CCP,"Horizon Blue Cross Blue Shield of New Jersey, Inc.","Horizon Blue Cross Blue Shield of New Jersey, Inc.",No,3 out of 5 stars,3 out of 5 stars
H3156,Local CCP,Independence Blue Cross,AmeriHealth 65,No,4 out of 5 stars,3.5 out of 5 stars
H3164,Local CCP,"UnitedHealth Group, Inc.",AmeriChoice Personal Care Plus,Yes,2.5 out of 5 stars,2.5 out of 5 stars
H3204,Local CCP,Presbyterian Healthcare Services,Presbyterian Senior Care (HMO),No,4 out of 5 stars,4 out of 5 stars
H3206,Local CCP,Presbyterian Healthcare Services,Presbyterian MediCare PPO,No,3.5 out of 5 stars,3.5 out of 5 stars
H3209,Local CCP,"UnitedHealth Group, Inc.",Evercare« by UnitedHealthcare,No,2.5 out of 5 stars,3 out of 5 stars
H3240,Local CCP,AMERIGROUP Corporation,AMERIGROUP Community Care,No,2.5 out of 5 stars,2.5 out of 5 stars
H3251,Local CCP,Ardent Health Services.,Lovelace Senior Plan,No,3.5 out of 5 stars,3.5 out of 5 stars
H3305,Local CCP,"MVP Health Care, Inc.",MVP HEALTH CARE,No,4.5 out of 5 stars,4.5 out of 5 stars
H3307,Local CCP,"UnitedHealth Group, Inc.",SecureHorizons by UnitedHealthcare,No,3 out of 5 stars,3 out of 5 stars
H3312,Local CCP,Aetna Inc.,Aetna Medicare,No,3 out of 5 stars,3 out of 5 stars
H3314,1876 Cost,"EmblemHealth, Inc.",HIP Health Plan of Greater New York,No,Not enough data to calculate summary rating,Not Applicable
H3327,Local CCP,"Touchstone Health Partnership, Inc",Touchstone Health,No,3 out of 5 stars,3 out of 5 stars
H3328,Local CCP,"The New York State Catholic Health Plan, Inc.",Fidelis Care,No,3.5 out of 5 stars,3.5 out of 5 stars
H3330,Local CCP,"EmblemHealth, Inc.",EmblemHealth Medicare HMO,No,3.5 out of 5 stars,3.5 out of 5 stars
H3333,PFFS,Universal American Corp.,Universal American,No,3.5 out of 5 stars,3.5 out of 5 stars
H3335,Local CCP,"Lifetime Healthcare, Inc.","Excellus Health Plan, Inc",No,4 out of 5 stars,4.5 out of 5 stars
H3337,Local CCP,"Liberty Health Advantage, Inc.",Liberty Health Advantage,Yes,2 out of 5 stars,2.5 out of 5 stars
H3342,Local CCP,"Wellpoint, Inc.",Empire BlueCross BlueShield,No,3.5 out of 5 stars,3 out of 5 stars
H3344,Local CCP,"Independent Health Association, Inc.",Independent Health,No,4 out of 5 stars,4.5 out of 5 stars
H3346,Local CCP,"MVP Health Care, Inc.",MVP HEALTH CARE,No,4.5 out of 5 stars,4 out of 5 stars
H3347,Local CCP,"Elderplan, Inc.",Elderplan,No,Not enough data to calculate summary rating,Not enough data to calculate overall rating
H3351,Local CCP,"Lifetime Healthcare, Inc.","Excellus Health Plan, Inc",No,4.5 out of 5 stars,4.5 out of 5 stars
H3356,1876 Cost,"Lifetime Healthcare, Inc.","Excellus Health Plan, Inc",No,4 out of 5 stars,Not enough data to calculate overall rating
H3359,Local CCP,"HealthFirst, Inc",Healthfirst Medicare Plan,No,3 out of 5 stars,3 out of 5 stars
H3361,Local CCP,"WellCare Health Plans, Inc.",WellCare,No,3 out of 5 stars,3 out of 5 stars
H3362,Local CCP,"Independent Health Association, Inc.",Independent Health,No,4.5 out of 5 stars,4.5 out of 5 stars
H3366,Local CCP,"Touchstone Health Partnership, Inc",Touchstone Health,No,Not enough data to calculate summary rating,Not enough data to calculate overall rating
H3370,Local CCP,"Wellpoint, Inc.",Empire BlueCross BlueShield,No,3.5 out of 5 stars,3.5 out of 5 stars
H3379,Local CCP,"UnitedHealth Group, Inc.",SecureHorizons by UnitedHealthcare,Yes,2.5 out of 5 stars,2.5 out of 5 stars
H3384,Local CCP,HealthNow New York Inc.,Senior Blue,No,4 out of 5 stars,3.5 out of 5 stars
H3387,Local CCP,"UnitedHealth Group, Inc.",AmeriChoice Personal Care Plus,No,Not enough data to calculate summary rating,Not enough data to calculate overall rating
H3388,Local CCP,"Capital District Physicians' Health Plan, Inc.",CDPHP Medicare Choices,No,4.5 out of 5 stars,4.5 out of 5 stars
H3404,Local CCP,Blue Cross and Blue Shield of North Carolina,Blue Cross and Blue Shield of North Carolina,No,4.5 out of 5 stars,4.5 out of 5 stars
H3405,Local CCP,Humana Inc.,Humana Insurance Company,No,3 out of 5 stars,3 out of 5 stars
H3410,PFFS,,Sterling Life Insurance Company,No,Plan too new to be measured,Plan too new to be measured
H3421,PFFS,,America's 1st Choice Health Plans,No,Plan too new to be measured,Plan too new to be measured
H3449,Local CCP,Blue Cross and Blue Shield of North Carolina,Blue Cross and Blue Shield of North Carolina,No,4.5 out of 5 stars,4.5 out of 5 stars
H3456,Local CCP,"UnitedHealth Group, Inc.",SecureHorizons by UnitedHealthcare,No,3 out of 5 stars,3 out of 5 stars
H3503,1876 Cost,Heart of America Health Plan,Heart of America Health Plan,No,Not enough data to calculate summary rating,Not Applicable
H3528,Local CCP,"EmblemHealth, Inc.","ConnectiCare, Inc.",No,4 out of 5 stars,3.5 out of 5 stars
H3533,Local CCP,Arcadian Management Services Inc.,Northeast Community Care,No,Not enough data to calculate summary rating,Not enough data to calculate overall rating
H3597,Local CCP,Aetna Inc.,Aetna Medicare,No,4.5 out of 5 stars,4 out of 5 stars
H3619,Local CCP,Humana Inc.,Humana Insurance Company,No,3 out of 5 stars,3 out of 5 stars
H3620,Local CCP,McKinley Life Insurance Company,PrimeTime Health Plan,No,Not enough data to calculate summary rating,Not enough data to calculate overall rating
H3623,Local CCP,Aetna Inc.,Aetna Medicare,No,3 out of 5 stars,3 out of 5 stars
H3653,Local CCP,Promedica Health System,Paramount Elite,No,4 out of 5 stars,3.5 out of 5 stars
H3655,Local CCP,"Wellpoint, Inc.",Anthem Blue Cross and Blue Shield,No,3 out of 5 stars,3 out of 5 stars
H3659,Local CCP,"UnitedHealth Group, Inc.",SecureHorizons by UnitedHealthcare,No,3 out of 5 stars,3 out of 5 stars
H3660,Local CCP,Summa Health System,SummaCare,No,4 out of 5 stars,4 out of 5 stars
H3664,Local CCP,McKinley Life Insurance Company,PrimeTime Health Plan,No,4 out of 5 stars,4 out of 5 stars
H3668,Local CCP,Trinity Health,MediGold,No,3.5 out of 5 stars,4 out of 5 stars
H3672,Local CCP,Health Plan of the Upper Ohio Valley,The Health Plan,No,3.5 out of 5 stars,3.5 out of 5 stars
H3706,Local CCP,Universal American Corp.,Universal American,No,2.5 out of 5 stars,3 out of 5 stars
H3708,Local CCP,Universal American Corp.,Universal American,No,Not enough data to calculate summary rating,Not enough data to calculate overall rating
H3749,Local CCP,"UnitedHealth Group, Inc.",SecureHorizons by UnitedHealthcare,No,3.5 out of 5 stars,3 out of 5 stars
H3755,Local CCP,"CommunityCare Managed Healthcare Plans of OK, Inc.",CommunityCare Senior Health Plan,No,3.5 out of 5 stars,3.5 out of 5 stars
H3805,Local CCP,"UnitedHealth Group, Inc.",SecureHorizons by UnitedHealthcare,No,4 out of 5 stars,4 out of 5 stars
H3810,Local CCP,Mid Rogue Community Health Plan,CareSource,No,3.5 out of 5 stars,3.5 out of 5 stars
H3811,Local CCP,Samaritan Health Services,Samaritan Advantage Health Plan,No,3.5 out of 5 stars,3.5 out of 5 stars
H3812,Local CCP,"UnitedHealth Group, Inc.",SecureHorizons by UnitedHealthcare,No,3 out of 5 stars,3 out of 5 stars
H3813,Local CCP,"Health Services Group, Inc.","ODS Health Plan, Inc.",No,3.5 out of 5 stars,3.5 out of 5 stars
H3814,Local CCP,ATRIO Health Plans,ATRIO MyAdvantage,No,3 out of 5 stars,3.5 out of 5 stars
H3815,Local CCP,Honored Citizens Choice Health Plan,Citizens Choice Healthplan,No,3 out of 5 stars,3.5 out of 5 stars
H3817,Local CCP,The Regence Group,Regence BlueCross BlueShield of Oregon,No,4 out of 5 stars,4 out of 5 stars
H3818,Local CCP,FamilyCare Incorporated,"FamilyCare Health Plans, Inc.",No,2.5 out of 5 stars,2.5 out of 5 stars
H3832,Local CCP,,Akamai Advantage,No,Plan too new to be measured,Plan too new to be measured
H3864,Local CCP,"Clear One Health Plans, Inc.",Clear One Health Plans,No,4 out of 5 stars,3.5 out of 5 stars
H3887,Local CCP,"UnitedHealth Group, Inc.",SecureHorizons by UnitedHealthcare,No,2 out of 5 stars,2.5 out of 5 stars
H3907,Local CCP,University of Pittsburgh Medical Center,UPMC Health Plan,No,3.5 out of 5 stars,3.5 out of 5 stars
H3909,Local CCP,Independence Blue Cross,Personal Choice 65,No,4 out of 5 stars,3.5 out of 5 stars
H3912,Local CCP,"UnitedHealth Group, Inc.",Evercare« by UnitedHealthcare,No,3 out of 5 stars,3 out of 5 stars
H3916,Local CCP,Highmark Inc.,Highmark Inc.,No,4 out of 5 stars,4 out of 5 stars
H3920,Local CCP,"UnitedHealth Group, Inc.",Unison Advantage,Yes,2.5 out of 5 stars,2.5 out of 5 stars
H3921,Local CCP,"UnitedHealth Group, Inc.",SecureHorizons by UnitedHealthcare,No,Not enough data to calculate summary rating,Not enough data to calculate overall rating
H3923,Local CCP,Capital BlueCross,Capital Advantage Insurance Company,No,4 out of 5 stars,4 out of 5 stars
H3924,Local CCP,Geisinger Health System,Geisinger Gold,No,4.5 out of 5 stars,4.5 out of 5 stars
H3931,Local CCP,Aetna Inc.,Aetna Medicare,No,4 out of 5 stars,3.5 out of 5 stars
H3949,Local CCP,"Bravo Health, Inc.",Bravo Health,No,3 out of 5 stars,3 out of 5 stars
H3952,Local CCP,Independence Blue Cross,Keystone 65,No,3.5 out of 5 stars,3.5 out of 5 stars
H3954,Local CCP,Geisinger Health System,Geisinger Gold,No,4.5 out of 5 stars,4.5 out of 5 stars
H3957,Local CCP,Highmark Inc.,"Keystone Health Plan West, Inc.",No,4 out of 5 stars,4 out of 5 stars
H3959,Local CCP,Coventry Health Care Inc.,HealthAmerica,No,4 out of 5 stars,3.5 out of 5 stars
H3962,Local CCP,Capital BlueCross,"Keystone Health Plan Central, Inc.",No,4 out of 5 stars,4 out of 5 stars
H3964,Local CCP,"Bravo Health, Inc.",Bravo Health,No,3 out of 5 stars,3 out of 5 stars
H4003,Local CCP,"Aveta, LLC.",Medicare y Mucho Mßs,No,3 out of 5 stars,3 out of 5 stars
H4004,Local CCP,"Aveta, LLC.","Preferred Medicare Choice, Inc.",No,3 out of 5 stars,3 out of 5 stars
H4005,Local CCP,Triple-S Management Corporation,"Triple-S Salud, Inc.",No,3 out of 5 stars,2.5 out of 5 stars
H4006,Local CCP,"Medical Card System, Inc.",MCS Classicare,No,3 out of 5 stars,3 out of 5 stars
H4007,Local CCP,Humana Inc.,Humana Health Plans Of Puerto Rico Inc,No,3 out of 5 stars,3 out of 5 stars
H4011,Local CCP,"First Medical Health Plan, Inc.","First Medical Health Plan, Inc.",No,3 out of 5 stars,3 out of 5 stars
H4012,Local CCP,Triple-S Management Corporation,"Triple-S Salud, Inc.",Yes,2.5 out of 5 stars,2.5 out of 5 stars
H4036,Local CCP,"Wellpoint, Inc.",Anthem Blue Cross and Blue Shield,No,Not enough data to calculate summary rating,Not enough data to calculate overall rating
H4102,Local CCP,"UnitedHealth Group, Inc.",SecureHorizons by UnitedHealthcare,No,3.5 out of 5 stars,4 out of 5 stars
H4125,Local CCP,Arcadian Management Services Inc.,Arcadian Health Plan,No,Not enough data to calculate summary rating,Not enough data to calculate overall rating
H4141,Local CCP,Humana Inc.,"Humana Employers Health Plan of Georgia, Inc.",No,Plan too new to be measured,Plan too new to be measured
H4152,Local CCP,Blue Cross & Blue Shield of Rhode Island,Blue Cross & Blue Shield of Rhode Island,No,4 out of 5 stars,3.5 out of 5 stars
H4155,Local CCP,Public Health Trust of Miami-Dade County,JMH Health Plan,No,Plan too new to be measured,Plan too new to be measured
H4209,Local CCP,BlueCross BlueShield of South Carolina (BCBSSC),Blue Cross Blue Shield of South Carolina,No,2.5 out of 5 stars,2.5 out of 5 stars
H4213,PFFS,Arkansas Blue Cross Blue Shield,Arkansas Blue Cross - Medi-Pak Advantage,No,Plan too new to be measured,Plan too new to be measured
H4268,PFFS,,America's 1st Choice Insurance Company of NC,No,Plan too new to be measured,Plan too new to be measured
H4270,Local CCP,UCare Minnesota,UCare,No,4.5 out of 5 stars,4.5 out of 5 stars
H4346,Local CCP,CareMore Medical Enterprises,CareMore Health Plan of Nevada,No,Plan too new to be measured,Plan too new to be measured
H4406,Local CCP,"UnitedHealth Group, Inc.",SecureHorizons by UnitedHealthcare,No,3 out of 5 stars,3 out of 5 stars
H4407,Local CCP,"HealthSpring, Inc.","Healthspring, Inc.",No,3 out of 5 stars,3 out of 5 stars
H4408,Local CCP,Humana Inc.,Humana Insurance Company,No,3 out of 5 stars,3 out of 5 stars
H4454,Local CCP,"HealthSpring, Inc.",Healthspring,No,4 out of 5 stars,4 out of 5 stars
H4456,Local CCP,"UnitedHealth Group, Inc.",SecureHorizons by UnitedHealthcare,No,3.5 out of 5 stars,3 out of 5 stars
H4461,Local CCP,Humana Inc.,"Cariten Health Plan, Inc.",No,3.5 out of 5 stars,3.5 out of 5 stars
H4506,Local CCP,Universal American Corp.,Universal American,No,3.5 out of 5 stars,3.5 out of 5 stars
H4510,Local CCP,Humana Inc.,"Humana Health Plan of Texas, Inc.",No,3 out of 5 stars,3 out of 5 stars
H4513,Local CCP,"HealthSpring, Inc.",HealthSpring,No,3 out of 5 stars,3 out of 5 stars
H4514,Local CCP,"UnitedHealth Group, Inc.",Evercare« by UnitedHealthcare,Yes,2.5 out of 5 stars,2.5 out of 5 stars
H4520,Local CCP,Humana Inc.,Humana Insurance Company,No,3 out of 5 stars,3 out of 5 stars
H4522,Local CCP,"UnitedHealth Group, Inc.",SecureHorizons by UnitedHealthcare,No,3 out of 5 stars,3 out of 5 stars
H4523,Local CCP,Aetna Inc.,Aetna Medicare,No,3 out of 5 stars,3 out of 5 stars
H4524,Local CCP,Aetna Inc.,Aetna Medicare,No,3 out of 5 stars,3 out of 5 stars
H4525,Local CCP,Covenant Health System - Hendrick Health System,FirstCare Advantage,No,3.5 out of 5 stars,3.5 out of 5 stars
H4527,Local CCP,"PSO Health Services, LLC",PHYSICIANS HEALTH CHOICE,No,3 out of 5 stars,3.5 out of 5 stars
H4528,Local CCP,"Bravo Health, Inc.",Bravo Health,No,3 out of 5 stars,3 out of 5 stars
H4529,Local CCP,Arcadian Management Services Inc.,Texas Community Care,No,3 out of 5 stars,3 out of 5 stars
H4564,1876 Cost,Scott and White,Scott and White Health Plan SeniorCare,No,4.5 out of 5 stars,Not enough data to calculate overall rating
H4590,Local CCP,"UnitedHealth Group, Inc.",SecureHorizons by UnitedHealthcare,No,3.5 out of 5 stars,3.5 out of 5 stars
H4604,Local CCP,"UnitedHealth Group, Inc.",SecureHorizons by UnitedHealthcare,No,3 out of 5 stars,3 out of 5 stars
H4605,Local CCP,The Regence Group,Regence BlueCross BlueShield of Utah,No,3.5 out of 5 stars,3.5 out of 5 stars
H4606,Local CCP,Humana Inc.,Humana Insurance Company,No,3 out of 5 stars,3 out of 5 stars
H4738,Local CCP,,"America's 1st Choice Health Plans, Inc.",No,Plan too new to be measured,Plan too new to be measured
H4754,Local CCP,"Clear One Health Plans, Inc.",Clear One Health Plans,No,Plan too new to be measured,Plan too new to be measured
H4785,PFFS,,"Humana Health Benefit Plan of LA, Inc.",No,Plan too new to be measured,Plan too new to be measured
H4837,Local CCP,"UnitedHealth Group, Inc.",UnitedHealthcare Personal Care Plus,No,Not enough data to calculate summary rating,Not enough data to calculate overall rating
H4866,Local CCP,,CUATRO LLC,No,Plan too new to be measured,Plan too new to be measured
H4875,Local CCP,Spectrum Health System,Priority Health Medicare,No,Plan too new to be measured,Plan too new to be measured
H4908,Local CCP,Sentara Healthcare,Optima Medicare,No,3.5 out of 5 stars,3.5 out of 5 stars
H4909,Local CCP,"Wellpoint, Inc.",Anthem Blue Cross and Blue Shield,No,3 out of 5 stars,3 out of 5 stars
H4910,Local CCP,Aetna Inc.,Aetna Medicare,No,Not enough data to calculate summary rating,Not enough data to calculate overall rating
H4956,Local CCP,Humana Inc.,Humana Insurance Company,No,2.5 out of 5 stars,3 out of 5 stars
H4971,Local CCP,"UnitedHealth Group, Inc.",SecureHorizons by UnitedHealthcare,No,Not enough data to calculate summary rating,Not enough data to calculate overall rating
H5005,Local CCP,"UnitedHealth Group, Inc.",SecureHorizons by UnitedHealthcare,No,3.5 out of 5 stars,3.5 out of 5 stars
H5006,PFFS,Munich American Holding Corporation,Sterling Life Insurance Company,No,3 out of 5 stars,3 out of 5 stars
H5008,Local CCP,"UnitedHealth Group, Inc.",Evercare« by UnitedHealthcare,No,3 out of 5 stars,3 out of 5 stars
H5009,Local CCP,The Regence Group,Regence BlueShield,No,4 out of 5 stars,3.5 out of 5 stars
H5010,Local CCP,The Regence Group,Asuris Northwest Health,No,4 out of 5 stars,4 out of 5 stars
H5016,Local CCP,,Providence Health Plan,No,Plan too new to be measured,Plan too new to be measured
H5041,Local CCP,Humana Inc.,Humana Insurance Company,No,Not enough data to calculate summary rating,Not enough data to calculate overall rating
H5042,Local CCP,"Capital District Physicians' Health Plan, Inc.",CDPHP Medicare Choices,No,4.5 out of 5 stars,4.5 out of 5 stars
H5050,Local CCP,Group Health Cooperative,Group Health Cooperative,No,4.5 out of 5 stars,4.5 out of 5 stars
H5087,Local CCP,Easy Choice Health Plan Inc.,Easy Choice Health Plan,No,3 out of 5 stars,3 out of 5 stars
H5106,Local CCP,Highmark Inc.,Highmark Health Insurance Company,No,3.5 out of 5 stars,3.5 out of 5 stars
H5151,Local CCP,Health Plan of the Upper Ohio Valley,The Health Plan,No,4 out of 5 stars,3.5 out of 5 stars
H5162,Local CCP,Munich American Holding Corporation,Sterling Life Insurance Company,No,Plan too new to be measured,Plan too new to be measured
H5206,Local CCP,"Community Health Partnership, Inc.",Community Health Partnership,No,4.5 out of 5 stars,4 out of 5 stars
H5207,Local CCP,"Community Care, Inc.",Community Care,No,Not enough data to calculate summary rating,Not enough data to calculate overall rating
H5209,Local CCP,"Care Wisconsin First, Inc.","Care Wisconsin Health Plan, Inc.",No,Not enough data to calculate summary rating,Not enough data to calculate overall rating
H5211,Local CCP,Marshfield Clinic.,"Security Health Plan Of Wisconsin, Inc",No,5 stars,5 stars
H5214,Local CCP,Humana Inc.,Humana Insurance Company,No,3 out of 5 stars,3 out of 5 stars
H5215,Local CCP,Affinity Health System,Network Platinum Medicare Advantage Plans,No,4 out of 5 stars,4.5 out of 5 stars
H5216,Local CCP,Humana Inc.,Humana Insurance Company,No,4 out of 5 stars,3.5 out of 5 stars
H5253,Local CCP,"UnitedHealth Group, Inc.",SecureHorizons by UnitedHealthcare,No,3.5 out of 5 stars,3.5 out of 5 stars
H5256,1876 Cost,Medical Associates Clinic,Medical Associates Clinic Health Plan of Wisconsin,No,4 out of 5 stars,Not Applicable
H5262,Local CCP,Gundersen Lutheran Health System Inc.,"Gundersen Lutheran Health Plan, Inc.",No,4.5 out of 5 stars,4.5 out of 5 stars
H5264,1876 Cost,Dean Health Systems Inc.,"Dean Health Plan, Inc.",No,4.5 out of 5 stars,Not Applicable
H5291,Local CCP,Humana Inc.,"Humana Health Plan, Inc.",No,2.5 out of 5 stars,3 out of 5 stars
H5294,Local CCP,Centene Corporation,Advantage by SuperiorHealthPlan,No,Not enough data to calculate summary rating,Not enough data to calculate overall rating
H5302,Local CCP,Coventry Health Care Inc.,Coventry Health Care,No,3 out of 5 stars,3 out of 5 stars
H5378,Local CCP,Universal American Corp.,Universal American,No,Not enough data to calculate summary rating,Not enough data to calculate overall rating
H5402,Local CCP,"QHP Group, Inc.",Quality Health Plans,Yes,2.5 out of 5 stars,2.5 out of 5 stars
H5404,Local CCP,Universal Health Care Inc.,"Universal Health Care, Inc.",No,3 out of 5 stars,3 out of 5 stars
H5407,Local CCP,"Citrus Health Care, Inc.","Citrus Health Care, Inc.",Yes,2.5 out of 5 stars,3 out of 5 stars
H5410,Local CCP,"HealthSpring, Inc.","HealthSpring of Florida, Inc.",No,4 out of 5 stars,4 out of 5 stars
H5414,Local CCP,Aetna Inc.,Aetna Medicare,No,3.5 out of 5 stars,3 out of 5 stars
H5415,Local CCP,Humana Inc.,"Humana Health Insurance Company of FL, Inc.",No,3 out of 5 stars,3 out of 5 stars
H5416,Local CCP,Arcadian Management Services Inc.,Spokane Community Care,No,3 out of 5 stars,3 out of 5 stars
H5417,Local CCP,"UnitedHealth Group, Inc.",Evercare« by UnitedHealthcare,No,3.5 out of 5 stars,3 out of 5 stars
H5420,Local CCP,"Medica HealthCare Plans, Inc.","Medica HealthCare Plans, Inc.",No,3 out of 5 stars,3 out of 5 stars
H5421,PFFS,Universal American Corp.,Universal American,No,3 out of 5 stars,3 out of 5 stars
H5422,Local CCP,"Wellpoint, Inc.",Blue Cross Blue Shield Healthcare Plan of Georgia,Yes,2.5 out of 5 stars,2.5 out of 5 stars
H5424,Local CCP,"UnitedHealth Group, Inc.",SecureHorizons by UnitedHealthcare,No,3 out of 5 stars,3 out of 5 stars
H5425,Local CCP,"SCAN Health Plan, Inc.",SCAN Health Plan,No,3.5 out of 5 stars,3.5 out of 5 stars
H5426,Local CCP,Humana Inc.,"Humana AdvantageCare Plan, Inc.",Yes,2.5 out of 5 stars,2.5 out of 5 stars
H5427,Local CCP,"America's 1st Choice Holdings of Florida, LLC","Freedom Health, Inc.",No,3 out of 5 stars,3 out of 5 stars
H5428,Local CCP,Health Plan of San Mateo,Health Plan of San Mateo,No,3 out of 5 stars,3 out of 5 stars
H5429,Local CCP,Universal Health Care Inc.,"Universal Health Care, Inc.",Yes,2.5 out of 5 stars,2.5 out of 5 stars
H5430,Local CCP,Care1st Health Plan,"ONECare by Care1st Health Plan Arizona, Inc.",No,3 out of 5 stars,3 out of 5 stars
H5431,Local CCP,"HealthSun Health Plans, Inc","HealthSun Health Plans, Inc.",No,3 out of 5 stars,3 out of 5 stars
H5433,Local CCP,CalOptima,OneCare,No,3 out of 5 stars,3.5 out of 5 stars
H5434,Local CCP,Blue Cross and Blue Shield of Florida,"Blue Cross and Blue Shield of Florida, Inc.",No,3 out of 5 stars,3 out of 5 stars
H5435,PFFS,"UnitedHealth Group, Inc.",SecureHorizons by UnitedHealthcare,No,3.5 out of 5 stars,3 out of 5 stars
H5439,Local CCP,"Health Net, Inc.",Health Net Life Insurance Company,No,Not enough data to calculate summary rating,Not enough data to calculate overall rating
H5440,Local CCP,"UnitedHealth Group, Inc.",Evercare« by UnitedHealthcare,No,3 out of 5 stars,3 out of 5 stars
H5470,Local CCP,Humana Inc.,Humana Insurance Company,No,Not enough data to calculate summary rating,Not enough data to calculate overall rating
H5475,Local CCP,Caidan Enterprises Inc Grp,Health Plan of Michigan Gold Plan,No,Plan too new to be measured,Plan too new to be measured
H5480,PFFS,,Educators Mutual Insurance Association,No,Plan too new to be measured,Plan too new to be measured
H5507,Local CCP,"UnitedHealth Group, Inc.",SecureHorizons by UnitedHealthcare,No,3 out of 5 stars,3 out of 5 stars
H5508,Local CCP,Advantage Health Solutions,"ADVANTAGE Health Solutions, Inc.",No,3 out of 5 stars,3.5 out of 5 stars
H5509,Local CCP,Coventry Health Care Inc.,COVENTRY HEALTH CARE,No,3 out of 5 stars,3 out of 5 stars
H5516,Local CCP,"UnitedHealth Group, Inc.",SecureHorizons by UnitedHealthcare,No,3.5 out of 5 stars,3.5 out of 5 stars
H5520,Local CCP,"Health Net, Inc.",Health Net Medicare Advantage,No,3.5 out of 5 stars,3.5 out of 5 stars
H5521,Local CCP,Aetna Inc.,Aetna Medicare,No,4 out of 5 stars,3.5 out of 5 stars
H5522,Local CCP,Coventry Health Care Inc.,HealthAmerica,No,3.5 out of 5 stars,3.5 out of 5 stars
H5525,Local CCP,Humana Inc.,"Humana Benefit Plan of Illinois, Inc.",No,3 out of 5 stars,3 out of 5 stars
H5526,Local CCP,HealthNow New York Inc.,Forever Blue Medicare PPO,No,4 out of 5 stars,4 out of 5 stars
H5528,Local CCP,"EmblemHealth, Inc.",EmblemHealth Medicare PPO,No,3 out of 5 stars,3 out of 5 stars
H5529,Local CCP,"Wellpoint, Inc.",Anthem Blue Cross and Blue Shield,No,3 out of 5 stars,3 out of 5 stars
H5530,Local CCP,"Wellpoint, Inc.",Anthem Blue Cross and Blue Shield,No,3 out of 5 stars,3 out of 5 stars
H5532,Local CCP,"UnitedHealth Group, Inc.",SecureHorizons by UnitedHealthcare,No,3 out of 5 stars,3 out of 5 stars
H5533,Local CCP,University of Pittsburgh Medical Center,UPMC Health Plan,No,4 out of 5 stars,4 out of 5 stars
H5549,Local CCP,Visiting Nurse Service of New York,VNSNY CHOICE Medicare,No,2.5 out of 5 stars,2.5 out of 5 stars
H5575,Local CCP,Fidelis SecureCare,Fidelis SecureCare of North Carolina,No,Not enough data to calculate summary rating,Not enough data to calculate overall rating
H5576,Local CCP,"Vantage Health Plan, Inc.","Vantage Health Plan, Inc.",No,3.5 out of 5 stars,3.5 out of 5 stars
H5577,Local CCP,"Medical Card System, Inc.",MCS Classicare,No,3 out of 5 stars,3 out of 5 stars
H5578,Local CCP,Arcadian Management Services Inc.,Southeast Community Care,No,2 out of 5 stars,2.5 out of 5 stars
H5580,Local CCP,Southwest Catholic Health Network,Mercy Care Advantage,No,3 out of 5 stars,3 out of 5 stars
H5587,Local CCP,IASIS Healthcare,Health Choice Generations,Yes,2.5 out of 5 stars,3 out of 5 stars
H5590,Local CCP,Centene Corporation,Advantage by Bridgeway Health Solutions,No,Not enough data to calculate summary rating,Not enough data to calculate overall rating
H5591,Local CCP,"Martin's Point Health Care, Inc.",Martin's Point Generations Advantage,No,4.5 out of 5 stars,4.5 out of 5 stars
H5594,Local CCP,"America's 1st Choice Holdings of Florida, LLC","Optimum HealthCare, Inc.",No,3 out of 5 stars,3 out of 5 stars
H5608,Local CCP,Denver Health Hospital Authority,Denver Health Medical Plan,No,3.5 out of 5 stars,3 out of 5 stars
H5609,Local CCP,Golden Empire Managed Care,GEMCARE Health Plan,No,3.5 out of 5 stars,3.5 out of 5 stars
H5619,Local CCP,Arcadian Management Services Inc.,Northeast Community Care,No,3.5 out of 5 stars,3.5 out of 5 stars
H5628,Local CCP,"Molina Healthcare, Inc.,",Molina Healthcare of Utah,No,3 out of 5 stars,3 out of 5 stars
H5640,Local CCP,INLAND EMPIRE HEALTH PLAN,IEHP Medicare DualChoice HMO,No,3 out of 5 stars,3.5 out of 5 stars
H5649,Local CCP,Central Health Plan of California,Central Health Medicare Plan,No,2.5 out of 5 stars,2.5 out of 5 stars
H5652,Local CCP,"UnitedHealth Group, Inc.",Erickson Advantage,No,Not enough data to calculate summary rating,Not enough data to calculate overall rating
H5656,Local CCP,Universal American Corp.,Universal American,No,2.5 out of 5 stars,3 out of 5 stars
H5665,Local CCP,XLHealth Corporation,Care Improvement Plus,No,2.5 out of 5 stars,2.5 out of 5 stars
H5679,Local CCP,"Wellpoint, Inc.",Anthem Blue Cross and Blue Shield,No,Not enough data to calculate summary rating,Not enough data to calculate overall rating
H5685,Local CCP,"Midwest Health Plan, Inc.",Midwest Advantage,No,Not enough data to calculate summary rating,Not enough data to calculate overall rating
H5696,Local CCP,"Physicians United Plan, Inc.",PUP,No,3 out of 5 stars,3 out of 5 stars
H5698,Local CCP,Windsor Health Group,Windsor Medicare Extra,Yes,2.5 out of 5 stars,2.5 out of 5 stars
H5700,Local CCP,Arcadian Management Services Inc.,"Arkansas Community Care, Inc.",Yes,2.5 out of 5 stars,2.5 out of 5 stars
H5703,Local CCP,South Country Health Alliance,South Country Health Alliance,No,Not enough data to calculate summary rating,Not enough data to calculate overall rating
H5732,Local CCP,Triple-S Management Corporation,"Triple-S Salud, INC.",No,3 out of 5 stars,2.5 out of 5 stars
H5746,Local CCP,AMERIGROUP Corporation,AMERIGROUP Community Care of New Mexico,No,Not enough data to calculate summary rating,Not enough data to calculate overall rating
H5749,Local CCP,"UnitedHealth Group, Inc.",SecureHorizons by UnitedHealthcare,No,Not enough data to calculate summary rating,Not enough data to calculate overall rating
H5750,Local CCP,Metropolitan Health Plan,North Star Advantage / North Star Advantage Plus,No,Not enough data to calculate summary rating,Not enough data to calculate overall rating
H5774,Local CCP,Socios Mayores en Salud Holdings Inc.,American Health Medicare,Yes,2.5 out of 5 stars,2.5 out of 5 stars
H5782,Local CCP,PARTNERSHIP HEALTHPLAN OF CALIFORNIA,Partnership HealthPlan of California,No,3.5 out of 5 stars,3.5 out of 5 stars
H5783,Local CCP,Arcadian Management Services Inc.,Southeast Community Care,No,2.5 out of 5 stars,3 out of 5 stars
H5793,Local CCP,Aetna Inc.,Aetna Medicare,No,3.5 out of 5 stars,3.5 out of 5 stars
H5810,Local CCP,"Molina Healthcare, Inc.,",Molina Healthcare of California,No,2 out of 5 stars,2.5 out of 5 stars
H5811,Local CCP,"SCAN Health Plan, Inc.",SCAN Health Plan,No,3 out of 5 stars,3.5 out of 5 stars
H5813,Local CCP,Aetna Inc.,Aetna Medicare,No,Not enough data to calculate summary rating,Not enough data to calculate overall rating
H5817,Local CCP,AMERIGROUP Corporation,AMERIGROUP Community Care,Yes,2.5 out of 5 stars,3 out of 5 stars
H5820,PFFS,Universal Health Care Inc.,"UNIVERSAL HEALTH CARE INSURANCE COMPANY, INC.",No,3 out of 5 stars,2.5 out of 5 stars
H5821,Local CCP,MAPFRE PRAICO CORPORATION,MAPFRE LIFE INSURANCE COMPANY,No,3 out of 5 stars,3 out of 5 stars
H5823,Local CCP,"Molina Healthcare, Inc.,","Molina Healthcare of Washington, Inc.",No,Not enough data to calculate summary rating,Not enough data to calculate overall rating
H5826,Local CCP,Community Health Plan of Washington,Community HealthFirst Medicare Advantage Plan,No,2.5 out of 5 stars,2.5 out of 5 stars
H5832,Local CCP,Aetna Inc.,Aetna Medicare,No,Not enough data to calculate summary rating,Not enough data to calculate overall rating
H5850,Local CCP,Coventry Health Care Inc.,Coventry Summit Health Plan,No,3 out of 5 stars,3 out of 5 stars
H5852,Local CCP,AIDS Healthcare Foundation,POSITIVE HEALTHCARE PARTNERS,No,Not enough data to calculate summary rating,Not enough data to calculate overall rating
H5854,Local CCP,"Wellpoint, Inc.",Anthem Blue Cross and Blue Shield,No,3 out of 5 stars,3 out of 5 stars
H5859,Local CCP,"CareOregon, Inc.",CareOregon Advantage,No,3 out of 5 stars,3 out of 5 stars
H5862,PFFS,"Blue Cross of Idaho Health Services, Inc.",Blue Cross of Idaho,No,3 out of 5 stars,3 out of 5 stars
H5868,Local CCP,Humana Inc.,Humana Insurance Company,No,3.5 out of 5 stars,3.5 out of 5 stars
H5883,Local CCP,Blue Cross Blue Shield of Michigan,Blue Care Network,No,4 out of 5 stars,3.5 out of 5 stars
H5884,PFFS,BlueCross BlueShield of Tennessee,BlueCross BlueShield of Tennessee,No,4 out of 5 stars,4 out of 5 stars
H5887,Local CCP,"First Medical Health Plan, Inc.","First Medical Health Plan, Inc.",No,3 out of 5 stars,3 out of 5 stars
H5895,Local CCP,Contra Costa Health Services,Contra Costa Health Plan,No,Not enough data to calculate summary rating,Not enough data to calculate overall rating
H5896,Local CCP,AMERIGROUP Corporation,AMERIGROUP Community Care,No,2 out of 5 stars,2.5 out of 5 stars
H5926,Local CCP,"Molina Healthcare, Inc.,",Molina Healthcare of Michigan,No,3 out of 5 stars,3 out of 5 stars
H5928,Local CCP,Care1st Health Plan,Care1st Medicare Advantage Plan,No,3 out of 5 stars,3 out of 5 stars
H5932,Local CCP,Gateway Health Plan,Gateway Health Plan Medicare Assured,No,3.5 out of 5 stars,3.5 out of 5 stars
H5938,Local CCP,Blue Cross and Blue Shield of Florida,Capital Health Plan,No,5 stars,5 stars
H5943,Local CCP,"SCAN Health Plan, Inc.",VillageHealth,No,Not enough data to calculate summary rating,Not enough data to calculate overall rating
H5948,Local CCP,"ARTA MEDICARE HEALTH PLAN, INC.",Arta Medicare Health Plan,No,Not enough data to calculate summary rating,Not enough data to calculate overall rating
H5950,Local CCP,Aetna Inc.,Aetna Medicare,No,Not enough data to calculate summary rating,Not enough data to calculate overall rating
H5969,Local CCP,AlohaCare,AlohaCare,No,3 out of 5 stars,3.5 out of 5 stars
H5970,Local CCP,Humana Inc.,Humana Insurance Company of New York,No,Plan too new to be measured,Plan too new to be measured
H5980,Local CCP,Fidelis SecureCare,"Fidelis SecureCare of Texas, Inc.",No,Not enough data to calculate summary rating,Not enough data to calculate overall rating
H5985,Local CCP,Vanguard Health Systems,Abrazo Advantage Health Plan,Yes,2.5 out of 5 stars,3 out of 5 stars
H5989,Local CCP,Bethco Corporation,Comprehensive Care Management Corp.,No,Not enough data to calculate summary rating,Not enough data to calculate overall rating
H5991,Local CCP,Affinity Health Plan,Affinity Health Plan,No,3.5 out of 5 stars,3.5 out of 5 stars
H5992,Local CCP,"Senior Whole Health, LLC",Senior Whole Health of New York,No,Not enough data to calculate summary rating,Not enough data to calculate overall rating
H5995,Local CCP,"Marion Polk Community Health Plan, LLC","Marion Polk Community Health Plan Advantage, Inc.",No,3 out of 5 stars,3 out of 5 stars
H5998,Local CCP,"UnitedHealth Group, Inc.",Unison Advantage,No,2 out of 5 stars,2 out of 5 stars
H6050,1876 Cost,"Kaiser Foundation Health Plan, Inc.",Kaiser Permanente Medicare Cost,No,Not enough data to calculate summary rating,Not Applicable
H6052,1876 Cost,"Kaiser Foundation Health Plan, Inc.",Kaiser Permanente Medicare Cost,No,4.5 out of 5 stars,Not Applicable
H6169,PFFS,,Universal American,No,Plan too new to be measured,Plan too new to be measured
H6178,Local CCP,CareSource,CareSource,No,Not enough data to calculate summary rating,Not enough data to calculate overall rating
H6181,Local CCP,AMERIGROUP Corporation,AMERIGROUP Community Care,No,Not enough data to calculate summary rating,Not enough data to calculate overall rating
H6264,Local CCP,Lutheran Medical Center,Health Plus Elite,No,Not enough data to calculate summary rating,Not enough data to calculate overall rating
H6328,Local CCP,North Texas Specialty Physicians,Care N' Care Health Plan,No,Not enough data to calculate summary rating,Not enough data to calculate overall rating
H6360,1876 Cost,"Kaiser Foundation Health Plan, Inc.",Kaiser Permanente Medicare Plus,No,4 out of 5 stars,Not enough data to calculate overall rating
H6411,Local CCP,Humana Inc.,Humana Insurance Company,No,2.5 out of 5 stars,3 out of 5 stars
H6528,Local CCP,XLHealth Corporation,Care Improvement Plus,No,Not enough data to calculate summary rating,Not enough data to calculate overall rating
H6609,Local CCP,Humana Inc.,Humana Insurance Company,No,Plan too new to be measured,Plan too new to be measured
H6622,Local CCP,,Humana Wisconsin Health Organization Insurance Cor,No,Plan too new to be measured,Plan too new to be measured
H6642,Local CCP,Universal Health Care Inc.,"Universal HMO of Texas, Inc.",No,Plan too new to be measured,Plan too new to be measured
H6705,Local CCP,,"Universal Health Care of Nevada, Inc.",No,Plan too new to be measured,Plan too new to be measured
H6743,Local CCP,,ATRIO MyAdvantage,No,Plan too new to be measured,Plan too new to be measured
H6815,Local CCP,,Health Net Medicare Advantage,No,Plan too new to be measured,Plan too new to be measured
H6864,Local CCP,"Guildnet, Inc.",GuildNet,No,Not enough data to calculate summary rating,Not enough data to calculate overall rating
H6881,Local CCP,,America's 1st Choice Insurance Company of NC,No,Plan too new to be measured,Plan too new to be measured
H6900,Local CCP,Humana Inc.,Humana Insurance Company,No,Not enough data to calculate summary rating,Not enough data to calculate overall rating
H6923,Local CCP,Aetna Inc.,Aetna Medicare,No,Not enough data to calculate summary rating,Not enough data to calculate overall rating
H6952,Local CCP,"UnitedHealth Group, Inc.",Great Lakes Personal Care Plus,No,Not enough data to calculate summary rating,Not enough data to calculate overall rating
H7002,Local CCP,Humana Inc.,Humana Insurance Company,No,Not enough data to calculate summary rating,Not enough data to calculate overall rating
H7006,Local CCP,"Marion Polk Community Health Plan, LLC","Marion Polk Community Health Plan Advantage, Inc.",No,Plan too new to be measured,Plan too new to be measured
H7015,Local CCP,"HF Management Services, LLC",Healthfirst NJ Medicare Plan,No,2.5 out of 5 stars,2.5 out of 5 stars
H7086,Local CCP,Community Health Group,Community Health Group,No,Not enough data to calculate summary rating,Not enough data to calculate overall rating
H7149,Local CCP,Coventry Health Care Inc.,Coventry Health Care,No,3.5 out of 5 stars,3.5 out of 5 stars
H7173,Local CCP,CENTENE CORP GRP,Advantage by Peach State,No,Plan too new to be measured,Plan too new to be measured
H7179,Local CCP,Arcadian Management Services Inc.,Arcadian Community Care,No,2 out of 5 stars,2.5 out of 5 stars
H7187,Local CCP,"UnitedHealth Group, Inc.",SecureHorizons by UnitedHealthcare,No,2.5 out of 5 stars,2.5 out of 5 stars
H7188,Local CCP,Humana Inc.,Humana Insurance Company,No,2.5 out of 5 stars,3 out of 5 stars
H7200,Local CCP,AMERIGROUP Corporation,AMERIGROUP Community Care,No,Not enough data to calculate summary rating,Not enough data to calculate overall rating
H7220,Local CCP,"Clarian Health Partners, Inc.","Clarian Health Plans, Inc. - Clarian Medicare",No,4.5 out of 5 stars,4.5 out of 5 stars
H7281,Local CCP,"Bravo Health, Inc.",Bravo Health,No,Plan too new to be measured,Plan too new to be measured
H7292,Local CCP,Alameda Alliance for Health,Alameda Alliance for Health,No,2.5 out of 5 stars,3 out of 5 stars
H7301,Local CCP,Coventry Health Care Inc.,PersonalCare,No,4 out of 5 stars,4 out of 5 stars
H7306,Local CCP,Coventry Health Care Inc.,Coventry Health Care,No,2.5 out of 5 stars,2.5 out of 5 stars
H7341,PFFS,,"Guardian Healthcare, Inc.",No,Plan too new to be measured,Plan too new to be measured
H7352,Local CCP,"UPH/MIHS Ventures, L.L.C.",University Physicians/Maricopa Care Advantage,No,3 out of 5 stars,3 out of 5 stars
H7475,Local CCP,"Care Wisconsin First, Inc.","Care Wisconsin Health Plan, Inc.",No,Not enough data to calculate summary rating,Not enough data to calculate overall rating
H7526,Local CCP,Medica Health Plans,Medica Health Plans,No,Not enough data to calculate summary rating,Not enough data to calculate overall rating
H7678,Local CCP,"Molina Healthcare, Inc.,","Molina Healthcare of Texas, Inc.",No,Not enough data to calculate summary rating,Not enough data to calculate overall rating
H7731,Local CCP,"MD Care, Inc.",MD Care Health Plan,No,2.5 out of 5 stars,3 out of 5 stars
H7787,Local CCP,"HealthSpring, Inc.",HealthSpring Medicare Advantage PPO,No,2.5 out of 5 stars,3 out of 5 stars
H7908,Local CCP,Aetna Inc.,Aetna Medicare,No,Not enough data to calculate summary rating,Not enough data to calculate overall rating
H7917,Local CCP,BlueCross BlueShield of Tennessee,BlueCross BlueShield of Tennessee,No,3.5 out of 5 stars,3.5 out of 5 stars
H7949,Local CCP,"UnitedHealth Group, Inc.",SecureHorizons by UnitedHealthcare,No,3.5 out of 5 stars,3.5 out of 5 stars
H8050,Local CCP,"Carilion Services, Inc.",Carilion Clinic Medicare Health Plan,No,Plan too new to be measured,Plan too new to be measured
H8091,Local CCP,,Arkansas Blue Cross and Blue Shield,No,Plan too new to be measured,Plan too new to be measured
H8098,PFFS,,"Universal Health Care Insurance Company, Inc.",No,Plan too new to be measured,Plan too new to be measured
H8130,Local CCP,"Molina Healthcare, Inc.,",Molina Healthcare of Florida,No,Plan too new to be measured,Plan too new to be measured
H8145,PFFS,,Humana Insurance Company,No,Plan too new to be measured,Plan too new to be measured
H8189,Local CCP,Centene Corporation,Advantage by Managed Health Services,No,Not enough data to calculate summary rating,Not enough data to calculate overall rating
H8319,Local CCP,,"Universal Health Care Insurance Company, Inc.",No,Plan too new to be measured,Plan too new to be measured
H8393,Local CCP,Coventry Health Care Inc.,Coventry Health Care,No,Not enough data to calculate summary rating,Not enough data to calculate overall rating
H8468,MSA,Geisinger Health System,Geisinger Gold,No,Not enough data to calculate summary rating,Not Applicable
H8558,Local CCP,Munich American Holding Corporation,Sterling Life Insurance Company,No,Plan too new to be measured,Plan too new to be measured
H8578,Local CCP,"Baystate Health, Inc.","Health New England, Inc.",No,Not enough data to calculate summary rating,Not enough data to calculate overall rating
H8604,Local CCP,Health Plan of the Upper Ohio Valley,Health Plan SecureChoice,No,Not enough data to calculate summary rating,Not enough data to calculate overall rating
H8644,Local CCP,Humana Inc.,Humana Insurance Company,No,2.5 out of 5 stars,3 out of 5 stars
H8649,Local CCP,Coventry Health Care Inc.,Altius Health Plans,No,3 out of 5 stars,3 out of 5 stars
H8684,Local CCP,Aetna Inc.,Aetna Medicare,No,Plan too new to be measured,Plan too new to be measured
H8707,Local CCP,Humana Inc.,Humana Insurance Company,No,3.5 out of 5 stars,3.5 out of 5 stars
H8742,Local CCP,"ABRI Health Plan, Inc.",Universal American,No,2.5 out of 5 stars,3 out of 5 stars
H8748,Local CCP,"UnitedHealth Group, Inc.",SecureHorizons by UnitedHealthcare,No,Not enough data to calculate summary rating,Not enough data to calculate overall rating
H8822,Local CCP,Advantage Health Solutions,"ADVANTAGE Health Solutions, Inc.",No,Not enough data to calculate summary rating,Not enough data to calculate overall rating
H8953,Local CCP,Humana Inc.,"Humana Health Plan of Ohio, Inc.",No,Plan too new to be measured,Plan too new to be measured
H8980,Local CCP,Coventry Health Care Inc.,HealthAmerica,No,Not enough data to calculate summary rating,Not enough data to calculate overall rating
H8991,Local CCP,AMERIGROUP Corporation,AMERIGROUP Community Care,No,2 out of 5 stars,2.5 out of 5 stars
H9001,Local CCP,Fallon Community Health Plan,Fallon Community Health Plan,No,4.5 out of 5 stars,4.5 out of 5 stars
H9003,Local CCP,"Kaiser Foundation Health Plan, Inc.",Kaiser Permanente,No,4.5 out of 5 stars,4.5 out of 5 stars
H9011,Local CCP,"UnitedHealth Group, Inc.",SecureHorizons by UnitedHealthcare,No,3 out of 5 stars,3 out of 5 stars
H9047,Local CCP,Providence Health System,Providence Health Plan,No,4.5 out of 5 stars,4 out of 5 stars
H9082,Local CCP,"Molina Healthcare, Inc.,","Molina Healthcare of New Mexico, Inc.",No,Not enough data to calculate summary rating,Not enough data to calculate overall rating
H9104,Local CCP,"SCAN Health Plan, Inc.",SCAN Health Plan,No,3.5 out of 5 stars,3.5 out of 5 stars
H9184,Local CCP,"Bravo Health, Inc.",Bravo Health,No,Plan too new to be measured,Plan too new to be measured
H9302,Local CCP,"Puget Sound Health Partners, Inc.",Puget Sound Health Partners,No,4 out of 5 stars,3.5 out of 5 stars
H9385,Local CCP,"SCAN Health Plan, Inc.",SCAN Health Plan Arizona,No,3 out of 5 stars,3.5 out of 5 stars
H9503,Local CCP,Humana Inc.,Humana Insurance Company,No,3 out of 5 stars,3 out of 5 stars
H9572,Local CCP,Blue Cross Blue Shield of Michigan,Blue Cross Blue Shield of Michigan,No,Plan too new to be measured,Plan too new to be measured
H9615,Local CCP,"MVP Health Care, Inc.",MVP HEALTH CARE,No,3.5 out of 5 stars,3.5 out of 5 stars
H9670,Local CCP,University of Pittsburgh Medical Center,UPMC Health Plan,No,Not enough data to calculate summary rating,Not enough data to calculate overall rating
H9720,PFFS,Dr. Kiran C. Patel,"AMERICA'S 1ST CHOICE HEALTH PLANS, INC.",No,3 out of 5 stars,3.5 out of 5 stars
H9779,Local CCP,"Guardian Healthcare, Inc.","Guardian Healthcare, Inc.",No,Plan too new to be measured,Plan too new to be measured
H9788,MSA,,HEALTHNOW NEW YORK INC.,No,Plan too new to be measured,Not Applicable
H9847,Local CCP,Coventry Health Care Inc.,Coventry Health Care,No,3 out of 5 stars,3 out of 5 stars
H9859,Local CCP,"MVP Health Care, Inc.",MVP HEALTH CARE,No,4 out of 5 stars,4 out of 5 stars
H9988,Local CCP,Munich American Holding Corporation,Sterling Life Insurance Company,No,Plan too new to be measured,Plan too new to be measured
R3175,Regional CCP,"UnitedHealth Group, Inc.",SecureHorizons by UnitedHealthcare,No,3 out of 5 stars,3 out of 5 stars
R3332,Regional CCP,Blue Cross and Blue Shield of Florida,"Blue Cross and Blue Shield of Florida, Inc.",No,Plan too new to be measured,Plan too new to be measured
R3444,Regional CCP,XLHealth Corporation,Care Improvement Plus,No,2.5 out of 5 stars,2.5 out of 5 stars
R5287,Regional CCP,"UnitedHealth Group, Inc.",SecureHorizons by UnitedHealthcare,No,3 out of 5 stars,3 out of 5 stars
R5342,Regional CCP,"UnitedHealth Group, Inc.",SecureHorizons by UnitedHealthcare,No,3 out of 5 stars,3 out of 5 stars
R5566,Regional CCP,"BCBS MN, MT, NE, ND, WY, Wellmark IA and SD",MedicareBlue PPO,No,3.5 out of 5 stars,3.5 out of 5 stars
R5674,Regional CCP,"UnitedHealth Group, Inc.","Sierra Health and Life Insurance Company, Inc.",Yes,2 out of 5 stars,2.5 out of 5 stars
R5826,Regional CCP,Humana Inc.,Humana Insurance Company,Yes,2.5 out of 5 stars,2.5 out of 5 stars
R5941,Regional CCP,"Wellpoint, Inc.",Anthem Blue Cross and Blue Shield,No,3 out of 5 stars,3 out of 5 stars
R6801,Regional CCP,XLHealth Corporation,Care Improvement Plus,No,3 out of 5 stars,3 out of 5 stars
R7439,Regional CCP,,Akamai Advantage,No,Plan too new to be measured,Plan too new to be measured
R7444,Regional CCP,"UnitedHealth Group, Inc.",SecureHorizons by UnitedHealthcare,No,3 out of 5 stars,3 out of 5 stars
R9896,Regional CCP,XLHealth Corporation,Care Improvement Plus,No,3 out of 5 stars,3 out of 5 stars
R9943,Regional CCP,"Wellpoint, Inc.",Anthem Blue Cross Life & Health Insurance Company,No,3 out of 5 stars,3 out of 5 stars
