2012 Summary Star View: Medicare Part C Report Card Master Table,,,,,,,,,
Contract Number,Organization Type,Parent Organization,Organization Marketing Name,2012 Part C Summary Rating,Summary Low Performance Icon,Summary High Performer Icon,2012 Overall Rating,Overall Low Performance Icon,Overall High Performer Icon
H0084,Local CCP,XLHealth Corporation,Care Improvement Plus,Not enough data to calculate summary rating,No,No,Not enough data to calculate overall rating,No,No
H0104,Local CCP,BlueCross BlueShield of Alabama,Blue Cross and Blue Shield of Alabama,2.5 out of 5 stars,No,No,2.5 out of 5 stars,No,No
H0108,Local CCP,Humana Inc.,"Humana Health Plan of California, Inc.",Not enough data to calculate summary rating,No,No,Not enough data to calculate overall rating,No,No
H0117,Local CCP,"WellCare Health Plans, Inc.",WellCare,2.5 out of 5 stars,Yes,No,2.5 out of 5 stars,No,No
H0141,Local CCP,CareSource,CareSource,Not enough data to calculate summary rating,No,No,Not enough data to calculate overall rating,No,No
H0150,Local CCP,"HealthSpring, Inc.","Healthspring of Alabama, Inc.",3.5 out of 5 stars,No,No,3 out of 5 stars,No,No
H0151,Local CCP,"UnitedHealth Group, Inc.",UnitedHealthcare,3 out of 5 stars,No,No,2.5 out of 5 stars,No,No
H0154,Local CCP,UAB Health System,VIVA Medicare Plus,3.5 out of 5 stars,No,No,3.5 out of 5 stars,No,No
H0248,Local CCP,Humana Inc.,Humana Insurance Company,3 out of 5 stars,No,No,3 out of 5 stars,No,No
H0251,Local CCP,"UnitedHealth Group, Inc.",UnitedHealthcare Community Plan,2.5 out of 5 stars,No,No,2.5 out of 5 stars,No,No
H0294,Local CCP,XLHealth Corporation,Care Improvement Plus,Plan too new to be measured,No,No,Plan too new to be measured,No,No
H0302,Local CCP,Banner Health,Banner MediSun,4 out of 5 stars,No,No,4.5 out of 5 stars,No,No
H0303,Local CCP,"UnitedHealth Group, Inc.",UnitedHealthcare,3.5 out of 5 stars,No,No,3.5 out of 5 stars,No,No
H0307,Local CCP,Humana Inc.,"Humana Health Plan, Inc.",3 out of 5 stars,No,No,3 out of 5 stars,No,No
H0316,Local CCP,"UnitedHealth Group, Inc.",UnitedHealthcare,3.5 out of 5 stars,No,No,3.5 out of 5 stars,No,No
H0317,Local CCP,Humana Inc.,Humana Insurance Company,3.5 out of 5 stars,No,No,3.5 out of 5 stars,No,No
H0318,Local CCP,Aetna Inc.,Aetna Medicare,3 out of 5 stars,No,No,3 out of 5 stars,No,No
H0319,Local CCP,"UnitedHealth Group, Inc.",UnitedHealthcare,3.5 out of 5 stars,No,No,3 out of 5 stars,No,No
H0320,Local CCP,Arcadian Management Services Inc.,Desert Canyon Community Care,3 out of 5 stars,No,No,2.5 out of 5 stars,No,No
H0321,Local CCP,"UnitedHealth Group, Inc.",UnitedHealthcare Community Plan,2.5 out of 5 stars,No,No,2.5 out of 5 stars,No,No
H0332,Local CCP,"KS Plan Administrators, LLC",KelseyCare Advantage,5 stars,No,No,4.5 out of 5 stars,No,No
H0351,Local CCP,"Health Net, Inc.","Health Net of Arizona, Inc.",3.5 out of 5 stars,No,No,3.5 out of 5 stars,No,No
H0354,Local CCP,CIGNA,CIGNA HealthCare of Arizona,4 out of 5 stars,No,No,4.5 out of 5 stars,No,No
H0401,Local CCP,"UnitedHealth Group, Inc.",UnitedHealthcare,3 out of 5 stars,No,No,3 out of 5 stars,No,No
H0408,Local CCP,"UnitedHealth Group, Inc.",UnitedHealthcare,Not enough data to calculate summary rating,No,No,Not enough data to calculate overall rating,No,No
H0423,Local CCP,New York City Health and Hospitals Corporation,MetroPlus Health Plan,3 out of 5 stars,No,No,3 out of 5 stars,No,No
H0490,Local CCP,"Molina Healthcare, Inc.,",Molina Healthcare of Ohio,Not enough data to calculate summary rating,No,No,Not enough data to calculate overall rating,No,No
H0502,1876 Cost,Contra Costa Health Services,Contra Costa Health Plan,Not enough data to calculate summary rating,No,,,,
H0504,Local CCP,California Physicians' Service,Blue Shield of California,4 out of 5 stars,No,No,4 out of 5 stars,No,No
H0523,Local CCP,Aetna Inc.,Aetna Medicare,3.5 out of 5 stars,No,No,3.5 out of 5 stars,No,No
H0524,Local CCP,"Kaiser Foundation Health Plan, Inc.",Kaiser Permanente Senior Advantage,5 stars,No,Yes,5 stars,No,Yes
H0543,Local CCP,"UnitedHealth Group, Inc.",UnitedHealthcare,3.5 out of 5 stars,No,No,3.5 out of 5 stars,No,No
H0544,Local CCP,"WellPoint, Inc.",CareMore Health Plan,4 out of 5 stars,No,No,3.5 out of 5 stars,No,No
H0545,Local CCP,InterValley Health Plan,Inter Valley Health Plan,4 out of 5 stars,No,No,4 out of 5 stars,No,No
H0562,Local CCP,"Health Net, Inc.",Health Net of California,4 out of 5 stars,No,No,3.5 out of 5 stars,No,No
H0564,Local CCP,"WellPoint, Inc.",Anthem Blue Cross,3 out of 5 stars,No,No,3 out of 5 stars,No,No
H0571,Local CCP,Chinese Hospital Association,Chinese Community Health Plan,3.5 out of 5 stars,No,No,3.5 out of 5 stars,No,No
H0602,1876 Cost,"Rocky Mountain HMO, Inc.",Rocky Mountain Health Plans,4.5 out of 5 stars,No,No,4.5 out of 5 stars,No,No
H0609,Local CCP,"UnitedHealth Group, Inc.",UnitedHealthcare,3.5 out of 5 stars,No,No,3.5 out of 5 stars,No,No
H0620,Local CCP,"UnitedHealth Group, Inc.",UnitedHealthcare,3.5 out of 5 stars,No,No,3.5 out of 5 stars,No,No
H0621,Local CCP,Colorado Access,Colorado Access Advantage,3 out of 5 stars,No,No,3 out of 5 stars,No,No
H0623,Local CCP,Humana Inc.,Humana Insurance Company,3 out of 5 stars,No,No,3 out of 5 stars,No,No
H0624,Local CCP,"UnitedHealth Group, Inc.",UnitedHealthcare,3 out of 5 stars,No,No,3 out of 5 stars,No,No
H0630,Local CCP,"Kaiser Foundation Health Plan, Inc.",Kaiser Permanente Senior Advantage,5 stars,No,Yes,5 stars,No,Yes
H0657,1876 Cost,Colorado Choice Health Plans,Colorado Choice Health Plans,Not enough data to calculate summary rating,No,,,,
H0710,Local CCP,"UnitedHealth Group, Inc.",UnitedHealthcare,3 out of 5 stars,No,No,3 out of 5 stars,No,No
H0712,Local CCP,"WellCare Health Plans, Inc.",WellCare,3 out of 5 stars,No,No,3 out of 5 stars,No,No
H0752,Local CCP,"UnitedHealth Group, Inc.",UnitedHealthcare,3.5 out of 5 stars,No,No,3.5 out of 5 stars,No,No
H0755,Local CCP,"UnitedHealth Group, Inc.",UnitedHealthcare,3.5 out of 5 stars,No,No,3.5 out of 5 stars,No,No
H0838,Local CCP,"Universal Care, Inc",Brand New Day,3 out of 5 stars,No,No,3 out of 5 stars,No,No
H0901,Local CCP,Aetna Inc.,Aetna Medicare,Not enough data to calculate summary rating,No,No,Not enough data to calculate overall rating,No,No
H0908,Local CCP,Centene Corporation,Advantage by Buckeye Community Health Plan,Not enough data to calculate summary rating,No,No,Not enough data to calculate overall rating,No,No
H0913,Local CCP,"WellCare Health Plans, Inc.",WellCare,2.5 out of 5 stars,Yes,No,2.5 out of 5 stars,No,No
H0979,PFFS,"America?s 1st Choice Insurance Company of NC, Inc.","AMERICA'S 1ST CHOICE INSURANCE COMPANY OF NC, INC.",3.5 out of 5 stars,No,No,3.5 out of 5 stars,No,No
H1013,Local CCP,Coventry Health Care Inc.,Coventry Health Plan of Florida,3 out of 5 stars,No,No,3 out of 5 stars,No,No
H1016,Local CCP,"AvMed, Inc.",AvMed Medicare,4 out of 5 stars,No,No,3.5 out of 5 stars,No,No
H1019,Local CCP,Humana Inc.,"CarePlus Health Plans, Inc.",3.5 out of 5 stars,No,No,3.5 out of 5 stars,No,No
H1026,Local CCP,Blue Cross and Blue Shield of Florida,"Health Options, Inc / Blue Cross Blue Shield of FL",3 out of 5 stars,No,No,3 out of 5 stars,No,No
H1032,Local CCP,"WellCare Health Plans, Inc.",WellCare,3 out of 5 stars,No,No,3 out of 5 stars,No,No
H1035,Local CCP,Blue Cross and Blue Shield of Florida,"Florida Health Care Plan, Inc.",4.5 out of 5 stars,No,No,4.5 out of 5 stars,No,No
H1036,Local CCP,Humana Inc.,"Humana Medical Plan, Inc.",4 out of 5 stars,No,No,3.5 out of 5 stars,No,No
H1045,Local CCP,Preferred Care Partners Holding Corp,"Preferred Care Partners, Inc.",3.5 out of 5 stars,No,No,3.5 out of 5 stars,No,No
H1076,Local CCP,Coventry Health Care Inc.,Coventry Health Care of Florida,2.5 out of 5 stars,No,No,3 out of 5 stars,No,No
H1080,Local CCP,"UnitedHealth Group, Inc.",UnitedHealthcare,3 out of 5 stars,No,No,3 out of 5 stars,No,No
H1099,Local CCP,Health First,Health First Medicare Plans,4.5 out of 5 stars,No,No,4.5 out of 5 stars,No,No
H1108,Local CCP,"UnitedHealth Group, Inc.",UnitedHealthcare,3 out of 5 stars,No,No,3 out of 5 stars,No,No
H1109,Local CCP,Aetna Inc.,Aetna Medicare,3 out of 5 stars,No,No,3 out of 5 stars,No,No
H1110,Local CCP,Aetna Inc.,Aetna Medicare,4 out of 5 stars,No,No,4 out of 5 stars,No,No
H1111,Local CCP,"UnitedHealth Group, Inc.",UnitedHealthcare,3 out of 5 stars,No,No,2.5 out of 5 stars,No,No
H1112,Local CCP,"WellCare Health Plans, Inc.",WellCare,3 out of 5 stars,No,No,3 out of 5 stars,No,No
H1170,Local CCP,"Kaiser Foundation Health Plan, Inc.",Kaiser Permanente Senior Advantage,4.5 out of 5 stars,No,No,4.5 out of 5 stars,No,No
H1200,1876 Cost,"Kaiser Foundation Health Plan, Inc.",Kaiser Permanente Medicare Cost,Not enough data to calculate summary rating,No,,,,
H1216,Local CCP,"WellCare Health Plans, Inc.",WellCare,2.5 out of 5 stars,Yes,No,2.5 out of 5 stars,No,No
H1230,Local CCP,"Kaiser Foundation Health Plan, Inc.",Kaiser Permanente Senior Advantage,4.5 out of 5 stars,No,Yes,5 stars,No,Yes
H1251,1876 Cost,Hawaii Medical Service Association,HMSA's 65C Plus,3.5 out of 5 stars,No,No,3.5 out of 5 stars,No,No
H1264,Local CCP,"WellCare Health Plans, Inc.",WellCare,3 out of 5 stars,No,No,3 out of 5 stars,No,No
H1286,Local CCP,"UnitedHealth Group, Inc.",UnitedHealthcare,3 out of 5 stars,No,No,3.5 out of 5 stars,No,No
H1291,PFFS,Humana Inc.,Humana Insurance Company of New York,Plan too new to be measured,No,No,Plan too new to be measured,No,No
H1302,Local CCP,"Blue Cross of Idaho Health Services, Inc.",Blue Cross of Idaho,Not enough data to calculate summary rating,No,No,Not enough data to calculate overall rating,No,No
H1303,Local CCP,"UnitedHealth Group, Inc.",UnitedHealthcare,3.5 out of 5 stars,No,No,3.5 out of 5 stars,No,No
H1304,Local CCP,The Regence Group,Regence BlueShield Of Idaho,3.5 out of 5 stars,No,No,3.5 out of 5 stars,No,No
H1350,Local CCP,"Blue Cross of Idaho Health Services, Inc.",Blue Cross of Idaho,4 out of 5 stars,No,No,4 out of 5 stars,No,No
H1355,Local CCP,"HealthSpring, Inc.",Bravo Health,Not enough data to calculate summary rating,No,No,Not enough data to calculate overall rating,No,No
H1365,Local CCP,"Martin's Point Health Care, Inc.",Martin's Point Generations Advantage,Not enough data to calculate summary rating,No,No,Not enough data to calculate overall rating,No,No
H1406,Local CCP,Humana Inc.,"Humana Health Plan, Inc.",3.5 out of 5 stars,No,No,3.5 out of 5 stars,No,No
H1415,Local CCP,"HealthSpring, Inc.","HealthSpring, Inc.",3 out of 5 stars,No,No,3 out of 5 stars,No,No
H1416,Local CCP,"WellCare Health Plans, Inc.",WellCare,3 out of 5 stars,No,No,3 out of 5 stars,No,No
H1417,Local CCP,Health Alliance Medical Plans,Health Alliance Medical Plans,4 out of 5 stars,No,No,4 out of 5 stars,No,No
H1418,Local CCP,Humana Inc.,Humana Insurance Company,3 out of 5 stars,No,No,3 out of 5 stars,No,No
H1419,Local CCP,Aetna Inc.,Aetna Medicare,Not enough data to calculate summary rating,No,No,Not enough data to calculate overall rating,No,No
H1463,Local CCP,Health Alliance Medical Plans,Health Alliance Medical Plans,4.5 out of 5 stars,No,No,4.5 out of 5 stars,No,No
H1468,Local CCP,Humana Inc.,"Humana Benefit Plan of Illinois, Inc.",4 out of 5 stars,No,No,4 out of 5 stars,No,No
H1509,Local CCP,"UnitedHealth Group, Inc.",UnitedHealthcare,3 out of 5 stars,No,No,3 out of 5 stars,No,No
H1510,Local CCP,Humana Inc.,Humana Insurance Company,3.5 out of 5 stars,No,No,3.5 out of 5 stars,No,No
H1517,Local CCP,"WellPoint, Inc.",Anthem Blue Cross and Blue Shield,3 out of 5 stars,No,No,3 out of 5 stars,No,No
H1537,Local CCP,"UnitedHealth Group, Inc.",UnitedHealthcare,Plan too new to be measured,No,No,Plan too new to be measured,No,No
H1558,1876 Cost,"Neighborhood Health Providers, Inc.",Welborn Health Plans,3.5 out of 5 stars,No,,,,
H1595,Local CCP,HealthPlus of Michigan,HealthPlus,Not enough data to calculate summary rating,No,No,Not enough data to calculate overall rating,No,No
H1607,Local CCP,"WellPoint, Inc.",Anthem Blue Cross and Blue Shield,3.5 out of 5 stars,No,No,3 out of 5 stars,No,No
H1608,Local CCP,Coventry Health Care Inc.,Coventry Health Care,3 out of 5 stars,No,No,3.5 out of 5 stars,No,No
H1609,Local CCP,Coventry Health Care Inc.,Coventry Health Care,3.5 out of 5 stars,No,No,3.5 out of 5 stars,No,No
H1651,1876 Cost,Medical Associates Clinic,"Medical Associates Health Plan, Inc.",5 stars,No,,,,
H1659,Local CCP,Piedmont Community Health Plan,Piedmont Medicare Advantage,Plan too new to be measured,No,No,Plan too new to be measured,No,No
H1681,Local CCP,Humana Inc.,Humana Insurance Company,2.5 out of 5 stars,No,No,2.5 out of 5 stars,No,No
H1716,Local CCP,Humana Inc.,Humana Insurance Company,3.5 out of 5 stars,No,No,3.5 out of 5 stars,No,No
H1717,Local CCP,"UnitedHealth Group, Inc.",UnitedHealthcare,2.5 out of 5 stars,No,No,2.5 out of 5 stars,No,No
H1777,Local CCP,"Catholic Health Care System, Inc.","ArchCare Advantage,HMO",Not enough data to calculate summary rating,No,No,Not enough data to calculate overall rating,No,No
H1804,PFFS,Humana Inc.,Humana Insurance Company,3.5 out of 5 stars,No,No,3.5 out of 5 stars,No,No
H1806,Local CCP,Humana Inc.,Humana Insurance Company,3 out of 5 stars,No,No,3 out of 5 stars,No,No
H1837,Local CCP,Essence Group Holdings Corporation,Essence Healthcare,4 out of 5 stars,No,No,4.5 out of 5 stars,No,No
H1846,Local CCP,Trinity Health,MediGold,Not enough data to calculate summary rating,No,No,Not enough data to calculate overall rating,No,No
H1849,Local CCP,"WellPoint, Inc.",Anthem Blue Cross and Blue Shield,3.5 out of 5 stars,No,No,3 out of 5 stars,No,No
H1903,Local CCP,"WellCare Health Plans, Inc.",WellCare,3 out of 5 stars,No,No,2.5 out of 5 stars,No,No
H1906,PFFS,Humana Inc.,"Humana Health Benefit Plan of LA, Inc.",3 out of 5 stars,No,No,3 out of 5 stars,No,No
H1944,Local CCP,"UnitedHealth Group, Inc.",UnitedHealthcare,3 out of 5 stars,No,No,3.5 out of 5 stars,No,No
H1951,Local CCP,Humana Inc.,"Humana Health Benefit Plan of Louisiana, Inc.",4 out of 5 stars,No,No,3.5 out of 5 stars,No,No
H1961,Local CCP,"New Orleans Reg Physician Hosp Organization, Inc.",Peoples Health,3.5 out of 5 stars,No,No,3.5 out of 5 stars,No,No
H2001,Local CCP,"UnitedHealth Group, Inc.",UnitedHealthcare,3.5 out of 5 stars,No,No,3.5 out of 5 stars,No,No
H2012,Local CCP,Humana Inc.,"Humana Health Plan, Inc.",3 out of 5 stars,No,No,3 out of 5 stars,No,No
H2029,Local CCP,Humana Inc.,"Humana Insurance of Puerto Rico, Inc.",2 out of 5 stars,No,No,2 out of 5 stars,No,No
H2034,Local CCP,"Community Care, Inc.",Community Care,Not enough data to calculate summary rating,No,No,Not enough data to calculate overall rating,No,No
H2108,Local CCP,"HealthSpring, Inc.",Bravo Health,3 out of 5 stars,No,No,2.5 out of 5 stars,No,No
H2111,Local CCP,"UnitedHealth Group, Inc.",UnitedHealthcare,3 out of 5 stars,No,No,3 out of 5 stars,No,No
H2112,Local CCP,Aetna Inc.,Aetna Medicare,3.5 out of 5 stars,No,No,3.5 out of 5 stars,No,No
H2150,1876 Cost,"Kaiser Foundation Health Plan, Inc.",Kaiser Permanente Medicare Plus,4.5 out of 5 stars,No,No,4.5 out of 5 stars,No,No
H2161,Local CCP,"UPPER PENINSULA HEALTH PLAN, INC.",Upper Peninsula Health Plan Plus (HMO SNP),Plan too new to be measured,No,No,Plan too new to be measured,No,No
H2165,Local CCP,"HealthSpring, Inc.",HealthSpring Life & Health,Not enough data to calculate summary rating,No,No,Not enough data to calculate overall rating,No,No
H2174,Local CCP,Trillium Community Health Plan,Trillium Advantage,4 out of 5 stars,No,No,4 out of 5 stars,No,No
H2182,Local CCP,"UnitedHealth Group, Inc.",UnitedHealthcare,3 out of 5 stars,No,No,3 out of 5 stars,No,No
H2224,Local CCP,"Senior Whole Health, LLC",Senior Whole Health,3.5 out of 5 stars,No,No,3.5 out of 5 stars,No,No
H2225,Local CCP,"Commonwealth Care Alliance, Inc.","Commonwealth Care Alliance, Inc.",4.5 out of 5 stars,No,No,4.5 out of 5 stars,No,No
H2226,Local CCP,"UnitedHealth Group, Inc.",UnitedHealthcare Community Plan,4 out of 5 stars,No,No,4 out of 5 stars,No,No
H2228,Local CCP,"UnitedHealth Group, Inc.",UnitedHealthcare,3.5 out of 5 stars,No,No,3.5 out of 5 stars,No,No
H2230,Local CCP,"Blue Cross and Blue Shield of Massachusetts, Inc.",Blue Cross Blue Shield of Massachusetts,4.5 out of 5 stars,No,No,4.5 out of 5 stars,No,No
H2237,Local CCP,Independent Care Health Plan Inc.,iCare,3 out of 5 stars,No,No,3 out of 5 stars,No,No
H2241,Local CCP,Golden State Medicare Health Plan,"Golden State Medicare Health Plan, Golden (HMO)",Not enough data to calculate summary rating,No,No,Not enough data to calculate overall rating,No,No
H2256,Local CCP,"TAHMO, Inc.",Tufts Health Plan Medicare Preferred,5 stars,No,No,4.5 out of 5 stars,No,No
H2261,Local CCP,"Blue Cross and Blue Shield of Massachusetts, Inc.",Blue Cross Blue Shield of Massachusetts,4.5 out of 5 stars,No,No,4 out of 5 stars,No,No
H2312,Local CCP,Health Alliance Plan (HAP),HAP Senior Plus,4 out of 5 stars,No,No,4 out of 5 stars,No,No
H2320,Local CCP,Spectrum Health System,Priority Health Medicare,4.5 out of 5 stars,No,No,4.5 out of 5 stars,No,No
H2322,Local CCP,Health Alliance Plan (HAP),Alliance Medicare PPO,3.5 out of 5 stars,No,No,3.5 out of 5 stars,No,No
H2323,Local CCP,Fidelis SecureCare,Fidelis SecureCare Of Michigan,Not enough data to calculate summary rating,No,No,Not enough data to calculate overall rating,No,No
H2354,Local CCP,HealthPlus of Michigan,HealthPlus of Michigan,4.5 out of 5 stars,No,No,4.5 out of 5 stars,No,No
H2406,Local CCP,"UnitedHealth Group, Inc.",UnitedHealthcare,3.5 out of 5 stars,No,No,3.5 out of 5 stars,No,No
H2410,PFFS,Medica Holding Company,Medica Health Plans,3.5 out of 5 stars,No,No,4 out of 5 stars,No,No
H2411,Local CCP,Fallon Community Health Plan,Fallon Community Health Plan,Not enough data to calculate summary rating,No,No,Not enough data to calculate overall rating,No,No
H2416,Local CCP,PrimeWest Health System,PrimeWest Health,4 out of 5 stars,No,No,4 out of 5 stars,No,No
H2417,Local CCP,Itasca County Health & Human Services,Itasca Medical Care/IMCare Classic,Not enough data to calculate summary rating,No,No,Not enough data to calculate overall rating,No,No
H2419,Local CCP,South Country Health Alliance,South Country Health Alliance,4.5 out of 5 stars,No,No,4.5 out of 5 stars,No,No
H2422,Local CCP,"HealthPartners, Inc.",HealthPartners,4.5 out of 5 stars,No,No,4 out of 5 stars,No,No
H2425,Local CCP,Blue Cross and Blue Shield of Minnesota,Blue Plus,3.5 out of 5 stars,No,No,3.5 out of 5 stars,No,No
H2450,1876 Cost,Medica Holding Company,Medica Insurance Company,4.5 out of 5 stars,No,No,4.5 out of 5 stars,No,No
H2456,Local CCP,UCare Minnesota,UCare,4 out of 5 stars,No,No,4 out of 5 stars,No,No
H2457,Local CCP,Metropolitan Health Plan,Metropolitan Health Plan MSHO,Not enough data to calculate summary rating,No,No,Not enough data to calculate overall rating,No,No
H2458,Local CCP,Medica Holding Company,Medica Health Plans,4 out of 5 stars,No,No,4 out of 5 stars,No,No
H2459,Local CCP,UCare Minnesota,UCare,4.5 out of 5 stars,No,No,4.5 out of 5 stars,No,No
H2461,1876 Cost,Blue Cross and Blue Shield of Minnesota,Blue Cross and Blue Shield of Minnesota,4 out of 5 stars,No,,,,
H2462,1876 Cost,"HealthPartners, Inc.",HealthPartners,5 stars,No,No,4.5 out of 5 stars,No,No
H2486,Local CCP,Humana Inc.,"Humana Medical Plan of Utah, Inc.",2.5 out of 5 stars,No,No,3 out of 5 stars,No,No
H2491,Local CCP,"WellCare Health Plans, Inc.",'Ohana Health Plan,Not enough data to calculate summary rating,No,No,Not enough data to calculate overall rating,No,No
H2542,Local CCP,Humana Inc.,Humana Insurance Company,3 out of 5 stars,No,No,3 out of 5 stars,No,No
H2593,Local CCP,"WellPoint, Inc.","CareMore Health Plan of Arizona, Inc.",4 out of 5 stars,No,No,4 out of 5 stars,No,No
H2610,Local CCP,Essence Group Holdings Corporation,Essence Healthcare,4.5 out of 5 stars,No,No,4.5 out of 5 stars,No,No
H2611,Local CCP,Coventry Health Care Inc.,Coventry Health Care,3.5 out of 5 stars,No,No,3 out of 5 stars,No,No
H2643,Local CCP,L.A. Care Health Plan,L.A. Care Health Plan Medicare Advantage,2 out of 5 stars,No,No,2.5 out of 5 stars,No,No
H2649,Local CCP,Humana Inc.,"Humana Health Plan, Inc.",4 out of 5 stars,No,No,3.5 out of 5 stars,No,No
H2654,Local CCP,"UnitedHealth Group, Inc.",UnitedHealthcare,3.5 out of 5 stars,No,No,3.5 out of 5 stars,No,No
H2663,Local CCP,Coventry Health Care Inc.,"Group Health Plan, Inc.",3.5 out of 5 stars,No,No,3.5 out of 5 stars,No,No
H2667,Local CCP,Coventry Health Care Inc.,Coventry Health Care,4.5 out of 5 stars,No,No,4 out of 5 stars,No,No
H2672,Local CCP,Coventry Health Care Inc.,COVENTRY HEALTH CARE,3.5 out of 5 stars,No,No,4 out of 5 stars,No,No
H2701,Local CCP,New West Health Services,New West Health Services,3.5 out of 5 stars,No,No,3.5 out of 5 stars,No,No
H2773,Local CCP,"QHP Financial Group, Inc.",QUALITY HEALTH PLANS,Not enough data to calculate summary rating,No,No,Not enough data to calculate overall rating,No,No
H2775,Local CCP,Universal American Corp.,Universal American Corp.,3 out of 5 stars,No,No,3 out of 5 stars,No,No
H2802,Local CCP,"UnitedHealth Group, Inc.",UnitedHealthcare,3.5 out of 5 stars,No,No,3.5 out of 5 stars,No,No
H2803,Local CCP,"UnitedHealth Group, Inc.",UnitedHealthcare,3.5 out of 5 stars,No,No,3.5 out of 5 stars,No,No
H2810,Local CCP,Group Health Cooperative,"Group Health Options, Inc.",3.5 out of 5 stars,No,No,3.5 out of 5 stars,No,No
H2816,PFFS,Universal American Corp.,Universal American Corp.,Plan too new to be measured,No,No,Plan too new to be measured,No,No
H2836,Local CCP,"WellPoint, Inc.",Anthem Blue Cross and Blue Shield,Plan too new to be measured,No,No,Plan too new to be measured,No,No
H2899,Local CCP,Arcadian Management Services Inc.,Southeast Community Care,2 out of 5 stars,Yes,No,2.5 out of 5 stars,No,No
H2905,Local CCP,"UnitedHealth Group, Inc.","Sierra Health and Life Insurance Company, Inc.",2.5 out of 5 stars,No,No,2.5 out of 5 stars,No,No
H2906,Local CCP,Renown Health,Senior Care Plus,Not enough data to calculate summary rating,No,No,Not enough data to calculate overall rating,No,No
H2926,Local CCP,PrimeWest Health System,PrimeWest Health,Not enough data to calculate summary rating,No,No,Not enough data to calculate overall rating,No,No
H2931,Local CCP,"UnitedHealth Group, Inc.","Health Plan of Nevada, Inc.",3.5 out of 5 stars,No,No,3.5 out of 5 stars,No,No
H2944,PFFS,Humana Inc.,Humana Insurance Company,3 out of 5 stars,No,No,3 out of 5 stars,No,No
H2949,Local CCP,Humana Inc.,"Humana Health Plan, Inc.",3.5 out of 5 stars,No,No,3.5 out of 5 stars,No,No
H2960,Local CCP,Renown Health,Senior Care Plus,4 out of 5 stars,No,No,4 out of 5 stars,No,No
H2997,Local CCP,"WellPoint, Inc.",Anthem Blue Cross and Blue Shield,Not enough data to calculate summary rating,No,No,Not enough data to calculate overall rating,No,No
H3028,Local CCP,Humana Inc.,"Humana Health Plan, Inc.",2.5 out of 5 stars,No,No,3 out of 5 stars,No,No
H3044,Local CCP,"Neighborhood Health Providers, Inc.",Welborn Health Plans,4.5 out of 5 stars,No,No,3.5 out of 5 stars,No,No
H3107,Local CCP,"UnitedHealth Group, Inc.",UnitedHealthcare,3 out of 5 stars,No,No,3 out of 5 stars,No,No
H3113,Local CCP,"UnitedHealth Group, Inc.",UnitedHealthcare,Not enough data to calculate summary rating,No,No,Not enough data to calculate overall rating,No,No
H3132,Local CCP,AIDS Healthcare Foundation,Positive Healthcare Partners,Not enough data to calculate summary rating,No,No,Not enough data to calculate overall rating,No,No
H3144,Local CCP,Coventry Health Care Inc.,PersonalCare,Plan too new to be measured,No,No,Plan too new to be measured,No,No
H3152,Local CCP,Aetna Inc.,Aetna Medicare,3.5 out of 5 stars,No,No,3.5 out of 5 stars,No,No
H3154,Local CCP,"Horizon Blue Cross Blue Shield of New Jersey, Inc.","Horizon Blue Cross Blue Shield of New Jersey, Inc.",4 out of 5 stars,No,No,3.5 out of 5 stars,No,No
H3156,Local CCP,Independence Blue Cross,AmeriHealth 65,3.5 out of 5 stars,No,No,3.5 out of 5 stars,No,No
H3164,Local CCP,"UnitedHealth Group, Inc.",UnitedHealthcare Community Plan,2.5 out of 5 stars,Yes,No,2.5 out of 5 stars,No,No
H3204,Local CCP,Presbyterian Healthcare Services,Presbyterian Senior Care (HMO),4 out of 5 stars,No,No,4 out of 5 stars,No,No
H3206,Local CCP,Presbyterian Healthcare Services,Presbyterian MediCare PPO,3.5 out of 5 stars,No,No,3.5 out of 5 stars,No,No
H3209,Local CCP,"UnitedHealth Group, Inc.",UnitedHealthcare,3 out of 5 stars,No,No,3 out of 5 stars,No,No
H3240,Local CCP,AMERIGROUP Corporation,Amerigroup Community Care,2.5 out of 5 stars,No,No,2.5 out of 5 stars,No,No
H3251,Local CCP,Ardent Health Services.,Lovelace Medicare Plan,4 out of 5 stars,No,No,4 out of 5 stars,No,No
H3283,Local CCP,Medica Holding Company,Medica Health Plans,Plan too new to be measured,No,No,Plan too new to be measured,No,No
H3305,Local CCP,"MVP Health Care, Inc.",MVP HEALTH CARE,4.5 out of 5 stars,No,No,4.5 out of 5 stars,No,No
H3307,Local CCP,"UnitedHealth Group, Inc.",UnitedHealthcare,3 out of 5 stars,No,No,3 out of 5 stars,No,No
H3312,Local CCP,Aetna Inc.,Aetna Medicare,3.5 out of 5 stars,No,No,3.5 out of 5 stars,No,No
H3314,1876 Cost,"EmblemHealth, Inc.",HIP Health Plan of Greater New York,Not enough data to calculate summary rating,No,,,,
H3327,Local CCP,"Touchstone Health Partnership, Inc",Touchstone Health,2.5 out of 5 stars,No,No,2.5 out of 5 stars,No,No
H3328,Local CCP,"The New York State Catholic Health Plan, Inc.",Fidelis Care,3 out of 5 stars,No,No,3 out of 5 stars,No,No
H3330,Local CCP,"EmblemHealth, Inc.",EmblemHealth Medicare HMO,3 out of 5 stars,No,No,3 out of 5 stars,No,No
H3333,PFFS,Universal American Corp.,Universal American Corp.,2.5 out of 5 stars,No,No,3 out of 5 stars,No,No
H3335,Local CCP,"Lifetime Healthcare, Inc.","Excellus Health Plan, Inc",4 out of 5 stars,No,No,4.5 out of 5 stars,No,No
H3337,Local CCP,"Liberty Health Advantage, Inc.",Liberty Health Advantage,2 out of 5 stars,Yes,No,2 out of 5 stars,No,No
H3342,Local CCP,"WellPoint, Inc.",Empire BlueCross BlueShield,3.5 out of 5 stars,No,No,3.5 out of 5 stars,No,No
H3344,Local CCP,"Independent Health Association, Inc.",Independent Health,4 out of 5 stars,No,No,4.5 out of 5 stars,No,No
H3346,Local CCP,"MVP Health Care, Inc.",MVP HEALTH CARE,5 stars,No,No,4.5 out of 5 stars,No,No
H3347,Local CCP,"Elderplan, Inc.",Elderplan,3 out of 5 stars,No,No,3 out of 5 stars,No,No
H3351,Local CCP,"Lifetime Healthcare, Inc.","Excellus Health Plan, Inc",4.5 out of 5 stars,No,No,4.5 out of 5 stars,No,No
H3356,1876 Cost,"Lifetime Healthcare, Inc.",Excellus BlueCross BlueShield,5 stars,No,No,4.5 out of 5 stars,No,No
H3359,Local CCP,"Healthfirst, Inc.",Healthfirst Medicare Plan,3.5 out of 5 stars,No,No,3 out of 5 stars,No,No
H3361,Local CCP,"WellCare Health Plans, Inc.",WellCare,3 out of 5 stars,No,No,3 out of 5 stars,No,No
H3362,Local CCP,"Independent Health Association, Inc.",Independent Health,4.5 out of 5 stars,No,No,4.5 out of 5 stars,No,No
H3370,Local CCP,"WellPoint, Inc.",Empire BlueCross BlueShield,4 out of 5 stars,No,No,3.5 out of 5 stars,No,No
H3379,Local CCP,"UnitedHealth Group, Inc.",UnitedHealthcare,3 out of 5 stars,No,No,3 out of 5 stars,No,No
H3384,Local CCP,HealthNow New York Inc.,BlueCross BlueShield of WNY and BlueShield of NENY,4 out of 5 stars,No,No,4.5 out of 5 stars,No,No
H3387,Local CCP,"UnitedHealth Group, Inc.",UnitedHealthcare Community Plan,2.5 out of 5 stars,No,No,2.5 out of 5 stars,No,No
H3388,Local CCP,"Capital District Physicians' Health Plan, Inc.",CDPHP Medicare Choices,4.5 out of 5 stars,No,No,4.5 out of 5 stars,No,No
H3404,Local CCP,Blue Cross and Blue Shield of North Carolina,Blue Cross and Blue Shield of North Carolina,4 out of 5 stars,No,No,4 out of 5 stars,No,No
H3405,Local CCP,Humana Inc.,Humana Insurance Company,3 out of 5 stars,No,No,3.5 out of 5 stars,No,No
H3410,PFFS,Munich American Holding Corporation,Sterling Life Insurance Company,Plan too new to be measured,No,No,Plan too new to be measured,No,No
H3421,PFFS,"America's 1st Choice Health Plans, Inc.",America's 1st Choice Health Plans,Plan too new to be measured,No,No,Plan too new to be measured,No,No
H3449,Local CCP,Blue Cross and Blue Shield of North Carolina,Blue Cross and Blue Shield of North Carolina,4.5 out of 5 stars,No,No,4 out of 5 stars,No,No
H3456,Local CCP,"UnitedHealth Group, Inc.",UnitedHealthcare,3 out of 5 stars,No,No,3 out of 5 stars,No,No
H3503,1876 Cost,Heart of America Health Plan,Heart of America Health Plan,Not enough data to calculate summary rating,No,,,,
H3528,Local CCP,"EmblemHealth, Inc.","ConnectiCare, Inc.",4 out of 5 stars,No,No,4 out of 5 stars,No,No
H3533,Local CCP,Arcadian Management Services Inc.,Northeast Community Care,3 out of 5 stars,No,No,3 out of 5 stars,No,No
H3597,Local CCP,Aetna Inc.,Aetna Medicare,4.5 out of 5 stars,No,No,4 out of 5 stars,No,No
H3619,Local CCP,Humana Inc.,Humana Insurance Company,3 out of 5 stars,No,No,3 out of 5 stars,No,No
H3620,Local CCP,Aultman Health Foundation,PrimeTime Health Plan,Not enough data to calculate summary rating,No,No,Not enough data to calculate overall rating,No,No
H3623,Local CCP,Aetna Inc.,Aetna Medicare,3.5 out of 5 stars,No,No,3 out of 5 stars,No,No
H3653,Local CCP,Promedica Health System,Paramount Elite,4 out of 5 stars,No,No,3.5 out of 5 stars,No,No
H3655,Local CCP,"WellPoint, Inc.",Anthem Blue Cross and Blue Shield,4 out of 5 stars,No,No,3.5 out of 5 stars,No,No
H3659,Local CCP,"UnitedHealth Group, Inc.",UnitedHealthcare,3.5 out of 5 stars,No,No,3 out of 5 stars,No,No
H3660,Local CCP,Summa Health System,SummaCare Secure,4 out of 5 stars,No,No,4.5 out of 5 stars,No,No
H3664,Local CCP,Aultman Health Foundation,PrimeTime Health Plan,4 out of 5 stars,No,No,4 out of 5 stars,No,No
H3668,Local CCP,Trinity Health,MediGold,4 out of 5 stars,No,No,4 out of 5 stars,No,No
H3672,Local CCP,Health Plan of the Upper Ohio Valley,The Health Plan,4 out of 5 stars,No,No,3.5 out of 5 stars,No,No
H3706,Local CCP,Universal American Corp.,Universal American Corp.,2.5 out of 5 stars,Yes,No,2.5 out of 5 stars,No,No
H3708,Local CCP,Universal American Corp.,Universal American Corp.,Not enough data to calculate summary rating,No,No,Not enough data to calculate overall rating,No,No
H3749,Local CCP,"UnitedHealth Group, Inc.",UnitedHealthcare,3 out of 5 stars,No,No,3 out of 5 stars,No,No
H3755,Local CCP,"CommunityCare Managed Healthcare Plans of OK, Inc.",CommunityCare Senior Health Plan (HMO),3.5 out of 5 stars,No,No,3.5 out of 5 stars,No,No
H3805,Local CCP,"UnitedHealth Group, Inc.",UnitedHealthcare,4 out of 5 stars,No,No,4 out of 5 stars,No,No
H3810,Local CCP,Mid Rogue Community Health Plan,CareSource,3.5 out of 5 stars,No,No,4 out of 5 stars,No,No
H3811,Local CCP,Samaritan Health Services,Samaritan Advantage Health Plan,4 out of 5 stars,No,No,4.5 out of 5 stars,No,No
H3812,Local CCP,"UnitedHealth Group, Inc.",UnitedHealthcare,3.5 out of 5 stars,No,No,3.5 out of 5 stars,No,No
H3813,Local CCP,"Health Services Group, Inc.","ODS Health Plan, Inc.",4 out of 5 stars,No,No,4.5 out of 5 stars,No,No
H3814,Local CCP,ATRIO Health Plans,ATRIO Health Plans,3.5 out of 5 stars,No,No,3.5 out of 5 stars,No,No
H3815,Local CCP,Honored Citizens Choice Health Plan,Citizens Choice Healthplan,3 out of 5 stars,No,No,3 out of 5 stars,No,No
H3817,Local CCP,The Regence Group,Regence BlueCross BlueShield of Oregon,3.5 out of 5 stars,No,No,4 out of 5 stars,No,No
H3818,Local CCP,FamilyCare Incorporated,"FamilyCare Health Plans, Inc.",2.5 out of 5 stars,No,No,2.5 out of 5 stars,No,No
H3832,Local CCP,Hawaii Medical Service Association,Akamai Advantage by HMSA,Plan too new to be measured,No,No,Plan too new to be measured,No,No
H3864,Local CCP,PacificSource Health Plans,PacificSource Medicare,4.5 out of 5 stars,No,No,4.5 out of 5 stars,No,No
H3887,Local CCP,"UnitedHealth Group, Inc.",UnitedHealthcare,3 out of 5 stars,No,No,3 out of 5 stars,No,No
H3907,Local CCP,University of Pittsburgh Medical Center,UPMC Health Plan,4 out of 5 stars,No,No,4 out of 5 stars,No,No
H3909,Local CCP,Independence Blue Cross,Personal Choice 65,4 out of 5 stars,No,No,3.5 out of 5 stars,No,No
H3912,Local CCP,"UnitedHealth Group, Inc.",UnitedHealthcare,3.5 out of 5 stars,No,No,3.5 out of 5 stars,No,No
H3916,Local CCP,Highmark Inc.,Highmark Inc.,4 out of 5 stars,No,No,3.5 out of 5 stars,No,No
H3920,Local CCP,"UnitedHealth Group, Inc.",UnitedHealthcare,2.5 out of 5 stars,Yes,No,3 out of 5 stars,No,No
H3921,Local CCP,"UnitedHealth Group, Inc.",UnitedHealthcare,Not enough data to calculate summary rating,No,No,Not enough data to calculate overall rating,No,No
H3923,Local CCP,Capital BlueCross,Capital Advantage Insurance Company,4 out of 5 stars,No,No,4 out of 5 stars,No,No
H3924,Local CCP,Geisinger Health System,Geisinger Gold,4 out of 5 stars,No,No,4 out of 5 stars,No,No
H3931,Local CCP,Aetna Inc.,Aetna Medicare,4 out of 5 stars,No,No,3.5 out of 5 stars,No,No
H3949,Local CCP,"HealthSpring, Inc.",Bravo Health,3 out of 5 stars,No,No,3 out of 5 stars,No,No
H3952,Local CCP,Independence Blue Cross,Keystone 65,4 out of 5 stars,No,No,3.5 out of 5 stars,No,No
H3954,Local CCP,Geisinger Health System,Geisinger Gold,4.5 out of 5 stars,No,No,4.5 out of 5 stars,No,No
H3957,Local CCP,Highmark Inc.,"Keystone Health Plan West, Inc.",4 out of 5 stars,No,No,4 out of 5 stars,No,No
H3959,Local CCP,Coventry Health Care Inc.,HealthAmerica,4 out of 5 stars,No,No,4 out of 5 stars,No,No
H3962,Local CCP,Capital BlueCross,"Keystone Health Plan Central, Inc.",4.5 out of 5 stars,No,No,4.5 out of 5 stars,No,No
H3964,Local CCP,"HealthSpring, Inc.",Bravo Health,3 out of 5 stars,No,No,3 out of 5 stars,No,No
H4003,Local CCP,"Aveta, LLC.",Medicare y Mucho Mßs,3 out of 5 stars,No,No,2.5 out of 5 stars,No,No
H4004,Local CCP,"Aveta, LLC.","Preferred Medicare Choice, Inc.",3 out of 5 stars,No,No,2.5 out of 5 stars,No,No
H4005,Local CCP,Triple-S Management Corporation,"Triple-S Salud, Inc.",2.5 out of 5 stars,No,No,2.5 out of 5 stars,No,No
H4006,Local CCP,"Medical Card System, Inc.",MCS Classicare,2.5 out of 5 stars,No,No,2.5 out of 5 stars,No,No
H4007,Local CCP,Humana Inc.,"HUMANA HEALTH PLANS OF PUERTO RICO, INC.",2.5 out of 5 stars,No,No,2.5 out of 5 stars,No,No
H4011,Local CCP,"First Medical Health Plan, Inc.","First Medical Health Plan, Inc.",2.5 out of 5 stars,No,No,2.5 out of 5 stars,No,No
H4012,Local CCP,Triple-S Management Corporation,"Triple-S Salud, Inc.",2 out of 5 stars,Yes,No,2 out of 5 stars,No,No
H4036,Local CCP,"WellPoint, Inc.",Anthem Blue Cross and Blue Shield,3.5 out of 5 stars,No,No,3.5 out of 5 stars,No,No
H4102,Local CCP,"UnitedHealth Group, Inc.",UnitedHealthcare,4 out of 5 stars,No,No,4 out of 5 stars,No,No
H4123,Local CCP,Mercy Health Alliance,MercyCare Health Plans,Plan too new to be measured,No,No,Plan too new to be measured,No,No
H4125,Local CCP,Arcadian Management Services Inc.,Arcadian Health Plan,2 out of 5 stars,No,No,2.5 out of 5 stars,No,No
H4141,Local CCP,Humana Inc.,"Humana Employers Health Plan of Georgia, Inc.",3 out of 5 stars,No,No,3 out of 5 stars,No,No
H4152,Local CCP,Blue Cross & Blue Shield of Rhode Island,Blue Cross & Blue Shield of Rhode Island,4 out of 5 stars,No,No,3.5 out of 5 stars,No,No
H4155,Local CCP,Public Health Trust of Miami-Dade County,JMH Health Plan,3 out of 5 stars,No,No,3 out of 5 stars,No,No
H4199,Local CCP,"Florida Healthcare Plus, Inc.",FLORIDA HEALTHCARE PLUS,Plan too new to be measured,No,No,Plan too new to be measured,No,No
H4209,Local CCP,BlueCross BlueShield of South Carolina (BCBSSC),Blue Cross Blue Shield of South Carolina,3 out of 5 stars,No,No,2.5 out of 5 stars,No,No
H4211,Local CCP,AMERIGROUP Corporation,Amerigroup Community Care,Plan too new to be measured,No,No,Plan too new to be measured,No,No
H4213,PFFS,USAble Mutual Insurance Company,ARKANSAS BLUE CROSS AND BLUE SHIELD,3 out of 5 stars,No,No,3 out of 5 stars,No,No
H4268,PFFS,"America?s 1st Choice Insurance Company of NC, Inc.",America's 1st Choice Insurance Company of NC,Plan too new to be measured,No,No,Plan too new to be measured,No,No
H4270,Local CCP,UCare Minnesota,UCare,4.5 out of 5 stars,No,No,4.5 out of 5 stars,No,No
H4279,Local CCP,University of Pittsburgh Medical Center,UPMC for You Advantage,Plan too new to be measured,No,No,Plan too new to be measured,No,No
H4346,Local CCP,"WellPoint, Inc.",CareMore Health Plan of Nevada,3.5 out of 5 stars,No,No,3.5 out of 5 stars,No,No
H4406,Local CCP,"UnitedHealth Group, Inc.",UnitedHealthcare,2.5 out of 5 stars,No,No,2.5 out of 5 stars,No,No
H4407,Local CCP,"HealthSpring, Inc.",HealthSpring,3 out of 5 stars,No,No,3 out of 5 stars,No,No
H4408,Local CCP,Humana Inc.,Humana Insurance Company,3 out of 5 stars,No,No,3 out of 5 stars,No,No
H4454,Local CCP,"HealthSpring, Inc.",HealthSpring,4 out of 5 stars,No,No,3.5 out of 5 stars,No,No
H4456,Local CCP,"UnitedHealth Group, Inc.",UnitedHealthcare,3 out of 5 stars,No,No,3 out of 5 stars,No,No
H4461,Local CCP,Humana Inc.,"Cariten Health Plan, Inc.",3.5 out of 5 stars,No,No,3.5 out of 5 stars,No,No
H4506,Local CCP,Universal American Corp.,Universal American Corp.,3 out of 5 stars,No,No,3 out of 5 stars,No,No
H4510,Local CCP,Humana Inc.,"HUMANA HEALTH PLAN OF TEXAS, INC.",3.5 out of 5 stars,No,No,3 out of 5 stars,No,No
H4513,Local CCP,"HealthSpring, Inc.",HealthSpring,3.5 out of 5 stars,No,No,3 out of 5 stars,No,No
H4514,Local CCP,"UnitedHealth Group, Inc.",UnitedHealthcare,2.5 out of 5 stars,Yes,No,2.5 out of 5 stars,No,No
H4520,Local CCP,Humana Inc.,Humana Insurance Company,3 out of 5 stars,No,No,3 out of 5 stars,No,No
H4522,Local CCP,"UnitedHealth Group, Inc.",UnitedHealthcare,3 out of 5 stars,No,No,3 out of 5 stars,No,No
H4523,Local CCP,Aetna Inc.,Aetna Medicare,3 out of 5 stars,No,No,3 out of 5 stars,No,No
H4524,Local CCP,Aetna Inc.,Aetna Medicare,3 out of 5 stars,No,No,3 out of 5 stars,No,No
H4525,Local CCP,Covenant Health System - Hendrick Health System,FirstCare Advantage,3.5 out of 5 stars,No,No,3 out of 5 stars,No,No
H4527,Local CCP,"UnitedHealth Group, Inc.",PHYSICIANS HEALTH CHOICE,3 out of 5 stars,No,No,3 out of 5 stars,No,No
H4528,Local CCP,"HealthSpring, Inc.",Bravo Health,3 out of 5 stars,No,No,3 out of 5 stars,No,No
H4529,Local CCP,Arcadian Management Services Inc.,Texas Community Care,2.5 out of 5 stars,No,No,2.5 out of 5 stars,No,No
H4564,1876 Cost,Scott and White Healthcare,Scott and White Health Plan SeniorCare,4.5 out of 5 stars,No,No,4.5 out of 5 stars,No,No
H4590,Local CCP,"UnitedHealth Group, Inc.",UnitedHealthcare,3.5 out of 5 stars,No,No,3.5 out of 5 stars,No,No
H4604,Local CCP,"UnitedHealth Group, Inc.",UnitedHealthcare,3 out of 5 stars,No,No,3.5 out of 5 stars,No,No
H4605,Local CCP,The Regence Group,Regence BlueCross BlueShield of Utah,3.5 out of 5 stars,No,No,3.5 out of 5 stars,No,No
H4606,Local CCP,Humana Inc.,Humana Insurance Company,3 out of 5 stars,No,No,3 out of 5 stars,No,No
H4738,Local CCP,"America's 1st Choice Health Plans, Inc.","America's 1st Choice Health Plans, Inc.",Plan too new to be measured,No,No,Plan too new to be measured,No,No
H4754,Local CCP,PacificSource Health Plans,PacificSource Medicare,Not enough data to calculate summary rating,No,No,Not enough data to calculate overall rating,No,No
H4785,PFFS,Humana Inc.,"Humana Health Benefit Plan of Louisiana, Inc.",Plan too new to be measured,No,No,Plan too new to be measured,No,No
H4837,Local CCP,"UnitedHealth Group, Inc.",UnitedHealthcare Community Plan,Not enough data to calculate summary rating,No,No,Not enough data to calculate overall rating,No,No
H4866,Local CCP,Cuatro LLC.,Access Medicare,Plan too new to be measured,No,No,Plan too new to be measured,No,No
H4875,Local CCP,Spectrum Health System,Priority Health Medicare,4.5 out of 5 stars,No,No,4 out of 5 stars,No,No
H4909,Local CCP,"WellPoint, Inc.",Anthem Blue Cross and Blue Shield,3.5 out of 5 stars,No,No,3.5 out of 5 stars,No,No
H4910,Local CCP,Aetna Inc.,Aetna Medicare,Not enough data to calculate summary rating,No,No,Not enough data to calculate overall rating,No,No
H4956,Local CCP,Humana Inc.,Humana Insurance Company,2.5 out of 5 stars,No,No,2.5 out of 5 stars,No,No
H4971,Local CCP,"UnitedHealth Group, Inc.",UnitedHealthcare,3.5 out of 5 stars,No,No,3.5 out of 5 stars,No,No
H5005,Local CCP,"UnitedHealth Group, Inc.",UnitedHealthcare,3.5 out of 5 stars,No,No,3.5 out of 5 stars,No,No
H5006,PFFS,Munich American Holding Corporation,Sterling Life Insurance Company,3 out of 5 stars,No,No,3 out of 5 stars,No,No
H5008,Local CCP,"UnitedHealth Group, Inc.",UnitedHealthcare,3 out of 5 stars,No,No,3.5 out of 5 stars,No,No
H5009,Local CCP,The Regence Group,Regence BlueShield,3.5 out of 5 stars,No,No,3.5 out of 5 stars,No,No
H5010,Local CCP,The Regence Group,Asuris Northwest Health,3.5 out of 5 stars,No,No,3.5 out of 5 stars,No,No
H5016,Local CCP,Providence Health & Services,Providence Health Plans,Plan too new to be measured,No,No,Plan too new to be measured,No,No
H5041,Local CCP,Humana Inc.,Humana Insurance Company,3 out of 5 stars,No,No,3.5 out of 5 stars,No,No
H5042,Local CCP,"Capital District Physicians' Health Plan, Inc.",CDPHP Medicare Choices,4.5 out of 5 stars,No,No,4.5 out of 5 stars,No,No
H5050,Local CCP,Group Health Cooperative,Group Health Cooperative,5 stars,No,Yes,5 stars,No,Yes
H5087,Local CCP,Easy Choice Health Plan Inc.,Easy Choice Health Plan,2.5 out of 5 stars,No,No,2.5 out of 5 stars,No,No
H5096,Local CCP,"Universal Health Care Group, Inc.","Universal Health Care Insurance Company, Inc.",Plan too new to be measured,No,No,Plan too new to be measured,No,No
H5106,Local CCP,Highmark Inc.,Highmark Health Insurance Company,3.5 out of 5 stars,No,No,3.5 out of 5 stars,No,No
H5151,Local CCP,Health Plan of the Upper Ohio Valley,The Health Plan,4 out of 5 stars,No,No,3.5 out of 5 stars,No,No
H5162,Local CCP,Munich American Holding Corporation,Sterling Life Insurance Company,Not enough data to calculate summary rating,No,No,Not enough data to calculate overall rating,No,No
H5206,Local CCP,"Community Health Partnership, Inc.",Community Health Partnership,5 stars,No,No,4 out of 5 stars,No,No
H5207,Local CCP,"Community Care, Inc.",Community Care,Not enough data to calculate summary rating,No,No,Not enough data to calculate overall rating,No,No
H5209,Local CCP,"Care Wisconsin First, Inc.","Care Wisconsin Health Plan, Inc.",Not enough data to calculate summary rating,No,No,Not enough data to calculate overall rating,No,No
H5211,Local CCP,Marshfield Clinic.,Advocare,5 stars,No,Yes,5 stars,No,Yes
H5214,Local CCP,Humana Inc.,Humana Insurance Company,3.5 out of 5 stars,No,No,3 out of 5 stars,No,No
H5215,Local CCP,Affinity Health System,Network Platinum Medicare Advantage Plans,4.5 out of 5 stars,No,No,4.5 out of 5 stars,No,No
H5216,Local CCP,Humana Inc.,Humana Insurance Company,3.5 out of 5 stars,No,No,3.5 out of 5 stars,No,No
H5253,Local CCP,"UnitedHealth Group, Inc.",UnitedHealthcare,4 out of 5 stars,No,No,4 out of 5 stars,No,No
H5256,1876 Cost,Medical Associates Clinic,Medical Associates Clinic Health Plan of Wisconsin,4.5 out of 5 stars,No,,,,
H5262,Local CCP,Gundersen Lutheran Health System Inc.,"Gundersen Lutheran Health Plan, Inc.",5 stars,No,Yes,5 stars,No,Yes
H5264,1876 Cost,Dean Health Systems Inc.,"Dean Health Plan, Inc.",5 stars,No,,,,
H5291,Local CCP,Humana Inc.,"Humana Health Plan, Inc.",3 out of 5 stars,No,No,3 out of 5 stars,No,No
H5294,Local CCP,Centene Corporation,Advantage by Superior HealthPlan,Not enough data to calculate summary rating,No,No,Not enough data to calculate overall rating,No,No
H5302,Local CCP,Coventry Health Care Inc.,Coventry Health Care,3 out of 5 stars,No,No,2.5 out of 5 stars,No,No
H5378,Local CCP,Universal American Corp.,Universal American Corp.,2.5 out of 5 stars,No,No,2.5 out of 5 stars,No,No
H5402,Local CCP,"QHP Group, Inc.",Quality Health Plans,2.5 out of 5 stars,No,No,2.5 out of 5 stars,No,No
H5404,Local CCP,"Universal Health Care Group, Inc.","Universal Health Care, Inc.",3 out of 5 stars,No,No,3 out of 5 stars,No,No
H5407,Local CCP,"UnitedHealth Group, Inc.","Citrus Health Care, Inc.",2.5 out of 5 stars,Yes,No,2.5 out of 5 stars,No,No
H5410,Local CCP,"HealthSpring, Inc.","HealthSpring of Florida, Inc.",4 out of 5 stars,No,No,4 out of 5 stars,No,No
H5414,Local CCP,Aetna Inc.,Aetna Medicare,3.5 out of 5 stars,No,No,3.5 out of 5 stars,No,No
H5415,Local CCP,Humana Inc.,"Humana Health Insurance Company of FL, Inc.",3.5 out of 5 stars,No,No,3.5 out of 5 stars,No,No
H5416,Local CCP,Arcadian Management Services Inc.,Arcadian Health Plan,2.5 out of 5 stars,No,No,2.5 out of 5 stars,No,No
H5417,Local CCP,"UnitedHealth Group, Inc.",UnitedHealthcare,3 out of 5 stars,No,No,3 out of 5 stars,No,No
H5420,Local CCP,"Medica HealthCare Plans, Inc.","Medica HealthCare Plans, Inc.",3.5 out of 5 stars,No,No,3.5 out of 5 stars,No,No
H5421,PFFS,Universal American Corp.,Universal American Corp.,2.5 out of 5 stars,No,No,2.5 out of 5 stars,No,No
H5422,Local CCP,"WellPoint, Inc.",Blue Cross Blue Shield Healthcare Plan of Georgia,3 out of 5 stars,No,No,3 out of 5 stars,No,No
H5424,Local CCP,"UnitedHealth Group, Inc.",UnitedHealthcare,3.5 out of 5 stars,No,No,3 out of 5 stars,No,No
H5425,Local CCP,SCAN Health Plan,SCAN Health Plan,4 out of 5 stars,No,No,4 out of 5 stars,No,No
H5426,Local CCP,Humana Inc.,"Humana AdvantageCare Plan, Inc.",3.5 out of 5 stars,No,No,3 out of 5 stars,No,No
H5427,Local CCP,"America's 1st Choice Holdings of Florida, LLC","Freedom Health, Inc.",3.5 out of 5 stars,No,No,3.5 out of 5 stars,No,No
H5428,Local CCP,Health Plan of San Mateo,Health Plan of San Mateo,3.5 out of 5 stars,No,No,3.5 out of 5 stars,No,No
H5429,Local CCP,"Universal Health Care Group, Inc.","Universal Health Care, Inc.",2.5 out of 5 stars,Yes,No,2.5 out of 5 stars,No,No
H5430,Local CCP,Care1st Health Plan,"ONECare by Care1st Health Plan Arizona, Inc.",3 out of 5 stars,No,No,3 out of 5 stars,No,No
H5431,Local CCP,"HealthSun Health Plans, Inc","HealthSun Health Plans, Inc.",3 out of 5 stars,No,No,3.5 out of 5 stars,No,No
H5433,Local CCP,CalOptima,OneCare,3.5 out of 5 stars,No,No,4 out of 5 stars,No,No
H5434,Local CCP,Blue Cross and Blue Shield of Florida,"Blue Cross and Blue Shield of Florida, Inc.",3 out of 5 stars,No,No,3 out of 5 stars,No,No
H5435,PFFS,"UnitedHealth Group, Inc.",UnitedHealthcare,3 out of 5 stars,No,No,3 out of 5 stars,No,No
H5439,Local CCP,"Health Net, Inc.",Health Net Life Insurance Company,3.5 out of 5 stars,No,No,3.5 out of 5 stars,No,No
H5440,Local CCP,"UnitedHealth Group, Inc.",UnitedHealthcare,Not enough data to calculate summary rating,No,No,Not enough data to calculate overall rating,No,No
H5470,Local CCP,Humana Inc.,Humana Insurance Company,3 out of 5 stars,No,No,3.5 out of 5 stars,No,No
H5471,Local CCP,"Simply Healthcare Holdings, Inc.","Simply Healthcare Plans, Inc.",Plan too new to be measured,No,No,Plan too new to be measured,No,No
H5475,Local CCP,"Caidan Enterprises, Inc.",Health Plan of Michigan Gold Plan,Plan too new to be measured,No,No,Plan too new to be measured,No,No
H5507,Local CCP,"UnitedHealth Group, Inc.",UnitedHealthcare,3 out of 5 stars,No,No,3.5 out of 5 stars,No,No
H5508,Local CCP,Advantage Health Solutions,"ADVANTAGE Health Solutions, Inc.",3.5 out of 5 stars,No,No,3.5 out of 5 stars,No,No
H5509,Local CCP,Coventry Health Care Inc.,COVENTRY HEALTH CARE,3 out of 5 stars,No,No,3 out of 5 stars,No,No
H5516,Local CCP,"UnitedHealth Group, Inc.",UnitedHealthcare,3.5 out of 5 stars,No,No,3.5 out of 5 stars,No,No
H5520,Local CCP,"Health Net, Inc.",Health Net Medicare Advantage,4 out of 5 stars,No,No,4 out of 5 stars,No,No
H5521,Local CCP,Aetna Inc.,Aetna Medicare,3.5 out of 5 stars,No,No,3.5 out of 5 stars,No,No
H5522,Local CCP,Coventry Health Care Inc.,HealthAmerica,3.5 out of 5 stars,No,No,3.5 out of 5 stars,No,No
H5525,Local CCP,Humana Inc.,"Humana Benefit Plan of Illinois, Inc.",3.5 out of 5 stars,No,No,3.5 out of 5 stars,No,No
H5526,Local CCP,HealthNow New York Inc.,BlueCross BlueShield of WNY or BlueShield of NENY,4 out of 5 stars,No,No,4 out of 5 stars,No,No
H5528,Local CCP,"EmblemHealth, Inc.",EmblemHealth Medicare PPO,3 out of 5 stars,No,No,3 out of 5 stars,No,No
H5529,Local CCP,"WellPoint, Inc.",Anthem Blue Cross and Blue Shield,3.5 out of 5 stars,No,No,3 out of 5 stars,No,No
H5530,Local CCP,"WellPoint, Inc.",Anthem Blue Cross and Blue Shield,4 out of 5 stars,No,No,3 out of 5 stars,No,No
H5532,Local CCP,"UnitedHealth Group, Inc.",UnitedHealthcare,3 out of 5 stars,No,No,3 out of 5 stars,No,No
H5533,Local CCP,University of Pittsburgh Medical Center,UPMC Health Plan,4 out of 5 stars,No,No,4 out of 5 stars,No,No
H5549,Local CCP,Visiting Nurse Service of New York,VNSNY CHOICE Medicare,2.5 out of 5 stars,Yes,No,2.5 out of 5 stars,No,No
H5575,Local CCP,Fidelis SecureCare,Fidelis SecureCare of North Carolina,Not enough data to calculate summary rating,No,No,Not enough data to calculate overall rating,No,No
H5576,Local CCP,"Vantage Health Plan, Inc.","Vantage Health Plan, Inc.",3 out of 5 stars,No,No,3 out of 5 stars,No,No
H5577,Local CCP,"Medical Card System, Inc.",MCS Classicare,3 out of 5 stars,No,No,2.5 out of 5 stars,No,No
H5578,Local CCP,Arcadian Management Services Inc.,Southeast Community Care,2.5 out of 5 stars,Yes,No,2 out of 5 stars,No,No
H5580,Local CCP,Southwest Catholic Health Network,Mercy Care Advantage,3 out of 5 stars,No,No,3 out of 5 stars,No,No
H5587,Local CCP,IASIS Healthcare,Health Choice Generations HMO SNP,3 out of 5 stars,No,No,3 out of 5 stars,No,No
H5590,Local CCP,Centene Corporation,Advantage by Bridgeway Health Solutions HMO SNP,2.5 out of 5 stars,No,No,3 out of 5 stars,No,No
H5591,Local CCP,"Martin's Point Health Care, Inc.",Martin's Point Generations Advantage,5 stars,No,Yes,5 stars,No,Yes
H5594,Local CCP,"America's 1st Choice Holdings of Florida, LLC","Optimum HealthCare, Inc.",3.5 out of 5 stars,No,No,3.5 out of 5 stars,No,No
H5608,Local CCP,Denver Health Hospital Authority,Denver Health Medical Plan,3 out of 5 stars,No,No,3 out of 5 stars,No,No
H5609,Local CCP,Golden Empire Managed Care,GEMCARE Health Plan,4 out of 5 stars,No,No,3.5 out of 5 stars,No,No
H5619,Local CCP,Arcadian Management Services Inc.,Northeast Community Care,3.5 out of 5 stars,No,No,3.5 out of 5 stars,No,No
H5628,Local CCP,"Molina Healthcare, Inc.,",Molina Healthcare of Utah,3 out of 5 stars,No,No,3 out of 5 stars,No,No
H5640,Local CCP,INLAND EMPIRE HEALTH PLAN,IEHP Medicare DualChoice,3 out of 5 stars,No,No,3 out of 5 stars,No,No
H5649,Local CCP,Central Health Plan of California,Central Health Medicare Plan,2.5 out of 5 stars,Yes,No,2.5 out of 5 stars,No,No
H5652,Local CCP,"UnitedHealth Group, Inc.",Erickson Advantage,5 stars,No,No,4.5 out of 5 stars,No,No
H5656,Local CCP,Universal American Corp.,Universal American Corp.,2.5 out of 5 stars,Yes,No,2.5 out of 5 stars,No,No
H5665,Local CCP,XLHealth Corporation,Care Improvement Plus,Not enough data to calculate summary rating,No,No,Not enough data to calculate overall rating,No,No
H5679,Local CCP,"WellPoint, Inc.",Anthem Blue Cross and Blue Shield,Not enough data to calculate summary rating,No,No,Not enough data to calculate overall rating,No,No
H5685,Local CCP,"Midwest Health Plan, Inc.",Midwest Advantage,Not enough data to calculate summary rating,No,No,Not enough data to calculate overall rating,No,No
H5696,Local CCP,"IDJB Investments, LLC",PUP,3 out of 5 stars,No,No,3 out of 5 stars,No,No
H5698,Local CCP,Munich American Holding Corporation,Windsor Medicare Extra,2.5 out of 5 stars,Yes,No,2.5 out of 5 stars,No,No
H5700,Local CCP,Arcadian Management Services Inc.,Arcadian Health Plan,2.5 out of 5 stars,Yes,No,2.5 out of 5 stars,No,No
H5703,Local CCP,South Country Health Alliance,South Country Health Alliance,Not enough data to calculate summary rating,No,No,Not enough data to calculate overall rating,No,No
H5732,Local CCP,Triple-S Management Corporation,"Triple-S Salud, INC.",2.5 out of 5 stars,No,No,2.5 out of 5 stars,No,No
H5746,Local CCP,AMERIGROUP Corporation,Amerigroup Community Care of New Mexico,2.5 out of 5 stars,No,No,2.5 out of 5 stars,No,No
H5749,Local CCP,"UnitedHealth Group, Inc.",UnitedHealthcare,3 out of 5 stars,No,No,3 out of 5 stars,No,No
H5750,Local CCP,Metropolitan Health Plan,Cornerstone Solutions,Not enough data to calculate summary rating,No,No,Not enough data to calculate overall rating,No,No
H5774,Local CCP,Triple-S Management Corporation,American Health Medicare,2.5 out of 5 stars,Yes,No,2.5 out of 5 stars,No,No
H5782,Local CCP,PARTNERSHIP HEALTHPLAN OF CALIFORNIA,Partnership HealthPlan of California,4 out of 5 stars,No,No,4 out of 5 stars,No,No
H5783,Local CCP,Arcadian Management Services Inc.,Southeast Community Care,3 out of 5 stars,No,No,2.5 out of 5 stars,No,No
H5793,Local CCP,Aetna Inc.,Aetna Medicare,3.5 out of 5 stars,No,No,3.5 out of 5 stars,No,No
H5810,Local CCP,"Molina Healthcare, Inc.,",Molina Healthcare of California,2 out of 5 stars,Yes,No,2.5 out of 5 stars,No,No
H5811,Local CCP,SCAN Health Plan,SCAN Health Plan,3.5 out of 5 stars,No,No,3.5 out of 5 stars,No,No
H5813,Local CCP,Aetna Inc.,Aetna Medicare,3.5 out of 5 stars,No,No,3 out of 5 stars,No,No
H5817,Local CCP,AMERIGROUP Corporation,Amerigroup Community Care,3 out of 5 stars,No,No,2.5 out of 5 stars,No,No
H5820,PFFS,"Universal Health Care Group, Inc.","UNIVERSAL HEALTH CARE INSURANCE COMPANY, INC.",2.5 out of 5 stars,No,No,2.5 out of 5 stars,No,No
H5821,Local CCP,MAPFRE PRAICO CORPORATION,MAPFRE LIFE INSURANCE COMPANY,2.5 out of 5 stars,No,No,2.5 out of 5 stars,No,No
H5823,Local CCP,"Molina Healthcare, Inc.,","Molina Healthcare of Washington, Inc.",3 out of 5 stars,No,No,3 out of 5 stars,No,No
H5826,Local CCP,Community Health Plan of Washington,Community HealthFirst Medicare Advantage Plan,3 out of 5 stars,No,No,3 out of 5 stars,No,No
H5832,Local CCP,Aetna Inc.,Aetna Medicare,Not enough data to calculate summary rating,No,No,Not enough data to calculate overall rating,No,No
H5850,Local CCP,Coventry Health Care Inc.,Coventry Summit Health Plan,3 out of 5 stars,No,No,3 out of 5 stars,No,No
H5852,Local CCP,AIDS Healthcare Foundation,Positive Healthcare Partners,Not enough data to calculate summary rating,No,No,Not enough data to calculate overall rating,No,No
H5854,Local CCP,"WellPoint, Inc.",Anthem Blue Cross and Blue Shield,3.5 out of 5 stars,No,No,3.5 out of 5 stars,No,No
H5859,Local CCP,"CareOregon, Inc.",CareOregon Advantage,3.5 out of 5 stars,No,No,3.5 out of 5 stars,No,No
H5868,Local CCP,Humana Inc.,Humana Insurance Company,3.5 out of 5 stars,No,No,3.5 out of 5 stars,No,No
H5883,Local CCP,Blue Cross Blue Shield of Michigan,Blue Care Network,3.5 out of 5 stars,No,No,4 out of 5 stars,No,No
H5884,PFFS,BlueCross BlueShield of Tennessee,BlueCross BlueShield of Tennessee,3 out of 5 stars,No,No,3 out of 5 stars,No,No
H5887,Local CCP,"First Medical Health Plan, Inc.","First Medical Health Plan, Inc.",2 out of 5 stars,No,No,2 out of 5 stars,No,No
H5896,Local CCP,AMERIGROUP Corporation,Amerigroup Community Care,2.5 out of 5 stars,No,No,2.5 out of 5 stars,No,No
H5926,Local CCP,"Molina Healthcare, Inc.,",Molina Healthcare of Michigan,3 out of 5 stars,No,No,3 out of 5 stars,No,No
H5928,Local CCP,Care1st Health Plan,Care1st Medicare Advantage Plan,3.5 out of 5 stars,No,No,3 out of 5 stars,No,No
H5932,Local CCP,Gateway Health Plan,Gateway Health Plan Medicare Assured,3.5 out of 5 stars,No,No,3.5 out of 5 stars,No,No
H5938,Local CCP,Blue Cross and Blue Shield of Florida,Capital Health Plan,5 stars,No,No,4 out of 5 stars,No,No
H5943,Local CCP,SCAN Health Plan,VillageHealth,Not enough data to calculate summary rating,No,No,Not enough data to calculate overall rating,No,No
H5950,Local CCP,Aetna Inc.,Aetna Medicare,Not enough data to calculate summary rating,No,No,Not enough data to calculate overall rating,No,No
H5969,Local CCP,AlohaCare,AlohaCare,3 out of 5 stars,No,No,3 out of 5 stars,No,No
H5970,Local CCP,Humana Inc.,Humana Insurance Company of New York,Not enough data to calculate summary rating,No,No,Not enough data to calculate overall rating,No,No
H5980,Local CCP,Fidelis SecureCare,"Fidelis SecureCare of Texas, Inc.",Not enough data to calculate summary rating,No,No,Not enough data to calculate overall rating,No,No
H5985,Local CCP,Vanguard Health Systems,Abrazo Advantage Health Plan,3 out of 5 stars,No,No,3 out of 5 stars,No,No
H5989,Local CCP,Bethco Corporation,Comprehensive Care Management Corp.,Not enough data to calculate summary rating,No,No,Not enough data to calculate overall rating,No,No
H5991,Local CCP,Affinity Health Plan,Affinity Health Plan,3.5 out of 5 stars,No,No,3.5 out of 5 stars,No,No
H5992,Local CCP,"Senior Whole Health, LLC",Senior Whole Health of New York,Not enough data to calculate summary rating,No,No,Not enough data to calculate overall rating,No,No
H5995,Local CCP,"Marion Polk Community Health Plan, LLC","Marion Polk Community Health Plan Advantage, Inc.",2.5 out of 5 stars,No,No,3 out of 5 stars,No,No
H6050,1876 Cost,"Kaiser Foundation Health Plan, Inc.",Kaiser Permanente Medicare Cost,Not enough data to calculate summary rating,No,,,,
H6052,1876 Cost,"Kaiser Foundation Health Plan, Inc.",Kaiser Permanente Medicare Cost,5 stars,No,,,,
H6169,PFFS,Universal American Corp.,Universal American Corp.,Plan too new to be measured,No,No,Plan too new to be measured,No,No
H6178,Local CCP,CareSource,CareSource,Not enough data to calculate summary rating,No,No,Not enough data to calculate overall rating,No,No
H6181,Local CCP,AMERIGROUP Corporation,Amerigroup Community Care,Not enough data to calculate summary rating,No,No,Not enough data to calculate overall rating,No,No
H6264,Local CCP,Lutheran Medical Center,Health Plus Elite,Not enough data to calculate summary rating,No,No,Not enough data to calculate overall rating,No,No
H6328,Local CCP,North Texas Specialty Physicians,Care N' Care Health Plan,3.5 out of 5 stars,No,No,3.5 out of 5 stars,No,No
H6360,1876 Cost,"Kaiser Foundation Health Plan, Inc.",Kaiser Permanente Medicare Plus,4.5 out of 5 stars,No,No,4.5 out of 5 stars,No,No
H6411,Local CCP,Humana Inc.,Humana Insurance Company,2.5 out of 5 stars,No,No,3 out of 5 stars,No,No
H6528,Local CCP,XLHealth Corporation,Care Improvement Plus,Not enough data to calculate summary rating,No,No,Not enough data to calculate overall rating,No,No
H6609,Local CCP,Humana Inc.,Humana Insurance Company,3.5 out of 5 stars,No,No,3.5 out of 5 stars,No,No
H6622,Local CCP,Humana Inc.,Humana WisconsinHealth Organization Insurance Corp,Plan too new to be measured,No,No,Plan too new to be measured,No,No
H6642,Local CCP,"Universal Health Care Group, Inc.","Universal HMO of Texas, Inc.",Not enough data to calculate summary rating,No,No,Not enough data to calculate overall rating,No,No
H6705,Local CCP,"Universal Health Care Group, Inc.","Universal Health Care of Nevada, Inc.",Plan too new to be measured,No,No,Plan too new to be measured,No,No
H6743,Local CCP,ATRIO Health Plans,ATRIO Health Plans,Plan too new to be measured,No,No,Plan too new to be measured,No,No
H6801,Local CCP,Ardent Health Services.,Lovelace Medicare Plan,Plan too new to be measured,No,No,Plan too new to be measured,No,No
H6815,Local CCP,"Health Net, Inc.",Health Net Medicare Advantage,Plan too new to be measured,No,No,Plan too new to be measured,No,No
H6864,Local CCP,Jewish Guild for the Blind,GuildNet,Not enough data to calculate summary rating,No,No,Not enough data to calculate overall rating,No,No
H6881,Local CCP,"America?s 1st Choice Insurance Company of NC, Inc.",America's 1st Choice Insurance Company of NC,Plan too new to be measured,No,No,Plan too new to be measured,No,No
H6900,Local CCP,Humana Inc.,Humana Insurance Company,2.5 out of 5 stars,No,No,3 out of 5 stars,No,No
H6923,Local CCP,Aetna Inc.,Aetna Medicare,3.5 out of 5 stars,No,No,3 out of 5 stars,No,No
H6952,Local CCP,"UnitedHealth Group, Inc.",UnitedHealthcare Community Plan,2.5 out of 5 stars,No,No,2.5 out of 5 stars,No,No
H7002,Local CCP,Humana Inc.,Humana Insurance Company,3 out of 5 stars,No,No,3 out of 5 stars,No,No
H7006,Local CCP,"Marion Polk Community Health Plan, LLC","Marion Polk Community Health Plan Advantage, Inc.",4 out of 5 stars,No,No,4 out of 5 stars,No,No
H7015,Local CCP,"HF Management Services, LLC",Healthfirst NJ Medicare Plan,2.5 out of 5 stars,Yes,No,2.5 out of 5 stars,No,No
H7086,Local CCP,Community Health Group,Community Health Group,Not enough data to calculate summary rating,No,No,Not enough data to calculate overall rating,No,No
H7149,Local CCP,Coventry Health Care Inc.,Coventry Health Care,3 out of 5 stars,No,No,3 out of 5 stars,No,No
H7173,Local CCP,Centene Corporation,Advantage by Peach State,Plan too new to be measured,No,No,Plan too new to be measured,No,No
H7179,Local CCP,Arcadian Management Services Inc.,Arcadian Community Care,2.5 out of 5 stars,Yes,No,2.5 out of 5 stars,No,No
H7187,Local CCP,"UnitedHealth Group, Inc.",UnitedHealthcare,3 out of 5 stars,No,No,3 out of 5 stars,No,No
H7188,Local CCP,Humana Inc.,Humana Insurance Company,2.5 out of 5 stars,No,No,3 out of 5 stars,No,No
H7200,Local CCP,AMERIGROUP Corporation,Amerigroup Community Care,2.5 out of 5 stars,No,No,2.5 out of 5 stars,No,No
H7220,Local CCP,Indiana University Health,Indiana University Health Plans - Medicare,5 stars,No,No,4.5 out of 5 stars,No,No
H7281,Local CCP,"HealthSpring, Inc.",Bravo Health,2.5 out of 5 stars,No,No,2.5 out of 5 stars,No,No
H7292,Local CCP,Alameda Alliance for Health,Alameda Alliance for Health,2.5 out of 5 stars,No,No,3 out of 5 stars,No,No
H7301,Local CCP,Coventry Health Care Inc.,PersonalCare,3.5 out of 5 stars,No,No,3.5 out of 5 stars,No,No
H7306,Local CCP,Coventry Health Care Inc.,Coventry Health Care,2 out of 5 stars,No,No,2 out of 5 stars,No,No
H7352,Local CCP,"UA Healthcare, Inc.",University Care Advantage,3 out of 5 stars,No,No,3 out of 5 stars,No,No
H7475,Local CCP,"Care Wisconsin First, Inc.","Care Wisconsin Health Plan, Inc.",Not enough data to calculate summary rating,No,No,Not enough data to calculate overall rating,No,No
H7526,Local CCP,Medica Holding Company,Medica Health Plans,Not enough data to calculate summary rating,No,No,Not enough data to calculate overall rating,No,No
H7678,Local CCP,"Molina Healthcare, Inc.,","Molina Healthcare of Texas, Inc.",Not enough data to calculate summary rating,No,No,Not enough data to calculate overall rating,No,No
H7731,Local CCP,"MD Care, Inc.",MD Care Healthplan,2.5 out of 5 stars,Yes,No,2.5 out of 5 stars,No,No
H7787,Local CCP,"HealthSpring, Inc.",HealthSpring Medicare Advantage PPO,3 out of 5 stars,No,No,3 out of 5 stars,No,No
H7908,Local CCP,Aetna Inc.,Aetna Medicare,Not enough data to calculate summary rating,No,No,Not enough data to calculate overall rating,No,No
H7917,Local CCP,BlueCross BlueShield of Tennessee,BlueCross BlueShield of Tennessee,3.5 out of 5 stars,No,No,3 out of 5 stars,No,No
H7949,Local CCP,"UnitedHealth Group, Inc.",SecureHorizons by UnitedHealthcare,3.5 out of 5 stars,No,No,3.5 out of 5 stars,No,No
H8050,Local CCP,"Carilion Services, Inc.",Carilion Clinic Medicare Health Plan,Not enough data to calculate summary rating,No,No,Not enough data to calculate overall rating,No,No
H8091,Local CCP,USAble Mutual Insurance Company,ARKANSAS BLUE CROSS AND BLUE SHIELD,Plan too new to be measured,No,No,Plan too new to be measured,No,No
H8098,PFFS,"Universal Health Care Group, Inc.","Universal Health Care Insurance Company, Inc.",Plan too new to be measured,No,No,Plan too new to be measured,No,No
H8130,Local CCP,"Molina Healthcare, Inc.,",Molina Healthcare of Florida,Not enough data to calculate summary rating,No,No,Not enough data to calculate overall rating,No,No
H8145,PFFS,Humana Inc.,Humana Insurance Company,Plan too new to be measured,No,No,Plan too new to be measured,No,No
H8189,Local CCP,Centene Corporation,Advantage by Managed Health Services,Not enough data to calculate summary rating,No,No,Not enough data to calculate overall rating,No,No
H8393,Local CCP,Coventry Health Care Inc.,Coventry Health Care,Not enough data to calculate summary rating,No,No,Not enough data to calculate overall rating,No,No
H8468,MSA,Geisinger Health System,Geisinger Gold,Not enough data to calculate summary rating,No,,,,
H8552,Local CCP,"WellPoint, Inc.",Anthem Blue Cross,Plan too new to be measured,No,No,Plan too new to be measured,No,No
H8558,Local CCP,Munich American Holding Corporation,Sterling Life Insurance Company,Not enough data to calculate summary rating,No,No,Not enough data to calculate overall rating,No,No
H8578,Local CCP,"Baystate Health, Inc.","Health New England, Inc.",5 stars,No,Yes,5 stars,No,Yes
H8604,Local CCP,Health Plan of the Upper Ohio Valley,Health Plan SecureChoice,Not enough data to calculate summary rating,No,No,Not enough data to calculate overall rating,No,No
H8644,Local CCP,Humana Inc.,Humana Insurance Company,2.5 out of 5 stars,No,No,3 out of 5 stars,No,No
H8649,Local CCP,Coventry Health Care Inc.,Altius Health Plans,3 out of 5 stars,No,No,3 out of 5 stars,No,No
H8684,Local CCP,Aetna Inc.,Aetna Medicare,Not enough data to calculate summary rating,No,No,Not enough data to calculate overall rating,No,No
H8707,Local CCP,Humana Inc.,Humana Insurance Company,3 out of 5 stars,No,No,3 out of 5 stars,No,No
H8748,Local CCP,"UnitedHealth Group, Inc.",UnitedHealthcare,3 out of 5 stars,No,No,3 out of 5 stars,No,No
H8822,Local CCP,Advantage Health Solutions,"ADVANTAGE Health Solutions, Inc.",Not enough data to calculate summary rating,No,No,Not enough data to calculate overall rating,No,No
H8953,Local CCP,Humana Inc.,"Humana Health Plan of Ohio, Inc.",4 out of 5 stars,No,No,3.5 out of 5 stars,No,No
H8980,Local CCP,Coventry Health Care Inc.,HealthAmerica,3 out of 5 stars,No,No,3.5 out of 5 stars,No,No
H8991,Local CCP,AMERIGROUP Corporation,Amerigroup Community Care,3 out of 5 stars,No,No,2.5 out of 5 stars,No,No
H9001,Local CCP,Fallon Community Health Plan,Fallon Community Health Plan,4.5 out of 5 stars,No,No,4.5 out of 5 stars,No,No
H9003,Local CCP,"Kaiser Foundation Health Plan, Inc.",Kaiser Permanente Senior Advantage,4.5 out of 5 stars,No,Yes,5 stars,No,Yes
H9011,Local CCP,"UnitedHealth Group, Inc.",UnitedHealthcare,3 out of 5 stars,No,No,3 out of 5 stars,No,No
H9047,Local CCP,Providence Health & Services,Providence Health Plans,4.5 out of 5 stars,No,No,4.5 out of 5 stars,No,No
H9082,Local CCP,"Molina Healthcare, Inc.,","Molina Healthcare of New Mexico, Inc.",Not enough data to calculate summary rating,No,No,Not enough data to calculate overall rating,No,No
H9104,Local CCP,SCAN Health Plan,SCAN Health Plan,4 out of 5 stars,No,No,4 out of 5 stars,No,No
H9184,Local CCP,"HealthSpring, Inc.",Bravo Health,Not enough data to calculate summary rating,No,No,Not enough data to calculate overall rating,No,No
H9285,Local CCP,"Atlantis Health Systems, Inc.",EASY CHOICE HEALTH PLAN OF NEW YORK,Plan too new to be measured,No,No,Plan too new to be measured,No,No
H9302,Local CCP,"Puget Sound Health Partners, Inc.",Soundpath Health,3.5 out of 5 stars,No,No,3.5 out of 5 stars,No,No
H9385,Local CCP,SCAN Health Plan,SCAN Health Plan Arizona,3.5 out of 5 stars,No,No,3 out of 5 stars,No,No
H9503,Local CCP,Humana Inc.,Humana Insurance Company,3 out of 5 stars,No,No,3 out of 5 stars,No,No
H9572,Local CCP,Blue Cross Blue Shield of Michigan,Blue Cross Blue Shield of Michigan,3.5 out of 5 stars,No,No,3.5 out of 5 stars,No,No
H9615,Local CCP,"MVP Health Care, Inc.",MVP HEALTH CARE,4.5 out of 5 stars,No,No,4.5 out of 5 stars,No,No
H9670,Local CCP,University of Pittsburgh Medical Center,UPMC Health Plan,Not enough data to calculate summary rating,No,No,Not enough data to calculate overall rating,No,No
H9720,PFFS,"America's 1st Choice Health Plans, Inc.","AMERICA'S 1ST CHOICE HEALTH PLANS, INC.",3 out of 5 stars,No,No,3 out of 5 stars,No,No
H9788,MSA,HealthNow New York Inc.,ActiveSaver MSA or BlueSaver MSA,Plan too new to be measured,No,,,,
H9847,Local CCP,Coventry Health Care Inc.,Coventry Health Care,3 out of 5 stars,No,No,3 out of 5 stars,No,No
H9859,Local CCP,"MVP Health Care, Inc.",MVP HEALTH CARE,4.5 out of 5 stars,No,No,4.5 out of 5 stars,No,No
H9947,Local CCP,"WellPoint, Inc.",Blue Cross Blue Shield of Georgia,Plan too new to be measured,No,No,Plan too new to be measured,No,No
H9988,Local CCP,Munich American Holding Corporation,Sterling Life Insurance Company,Not enough data to calculate summary rating,No,No,Not enough data to calculate overall rating,No,No
R3175,Regional CCP,"UnitedHealth Group, Inc.",UnitedHealthcare,3 out of 5 stars,No,No,3 out of 5 stars,No,No
R3332,Regional CCP,Blue Cross and Blue Shield of Florida,"Blue Cross and Blue Shield of Florida, Inc.",3 out of 5 stars,No,No,3 out of 5 stars,No,No
R3444,Regional CCP,XLHealth Corporation,Care Improvement Plus,3 out of 5 stars,No,No,3 out of 5 stars,No,No
R5287,Regional CCP,"UnitedHealth Group, Inc.",UnitedHealthcare,3 out of 5 stars,No,No,3 out of 5 stars,No,No
R5342,Regional CCP,"UnitedHealth Group, Inc.",UnitedHealthcare,2.5 out of 5 stars,No,No,3 out of 5 stars,No,No
R5566,Regional CCP,"BCBS MN, MT, NE, ND, WY, Wellmark IA and SD",MedicareBlue PPO,3.5 out of 5 stars,No,No,3.5 out of 5 stars,No,No
R5674,Regional CCP,"UnitedHealth Group, Inc.","Sierra Health and Life Insurance Company, Inc.",2.5 out of 5 stars,Yes,No,2.5 out of 5 stars,No,No
R5826,Regional CCP,Humana Inc.,Humana Insurance Company,3 out of 5 stars,No,No,3 out of 5 stars,No,No
R5941,Regional CCP,"WellPoint, Inc.",Anthem Blue Cross and Blue Shield,3.5 out of 5 stars,No,No,3 out of 5 stars,No,No
R6801,Regional CCP,XLHealth Corporation,Care Improvement Plus,3 out of 5 stars,No,No,2.5 out of 5 stars,No,No
R7439,Regional CCP,Hawaii Medical Service Association,Akamai Advantage by HMSA,Plan too new to be measured,No,No,Plan too new to be measured,No,No
R7444,Regional CCP,"UnitedHealth Group, Inc.",UnitedHealthcare,3 out of 5 stars,No,No,3 out of 5 stars,No,No
R9896,Regional CCP,XLHealth Corporation,Care Improvement Plus,3 out of 5 stars,No,No,3 out of 5 stars,No,No
